Genome_ID	OSD1	OSD124	OSD95	TARA_004_40m_0.22-1.6_prok	TARA_004_5m_0.22-1.6_prok	TARA_007_42m_0.22-1.6_girus	TARA_007_5m_0.22-1.6_girus	TARA_009_55m_0.22-1.6_girus	TARA_018_5m_0.22-1.6_prok	TARA_023_55m_0.22-1.6_prok	TARA_023_5m_0.22-1.6_prok	TARA_025_50m_0.22-1.6_prok	TARA_032_80m_0.22-1.6_prok	TARA_034_60m_0.22-1.6_prok	TARA_036_17m_0.22-1.6_prok	TARA_037_600m_0.1-0.22_girus	TARA_038_340m_0.1-0.22_girus	TARA_039_270m_0.1-0.22_girus	TARA_039_270m_0.22-1.6_prok	TARA_042_80m_0.22-1.6_prok	TARA_056_1000m_0.22-3_prok	TARA_057_5m_0.22-3_prok	TARA_062_5m_0.22-3_prok	TARA_064_1000m_0.22-3_prok	TARA_064_5m_0.22-3_prok	TARA_064_65m_0.22-3_prok	TARA_065_30m_0.22-3_prok	TARA_065_5m_0.22-3_prok	TARA_065_850m_0.22-3_prok	TARA_066_30m_0.22-3_prok	TARA_066_5m_0.22-3_prok	TARA_067_5m_0.22-0.45_girus	TARA_067_5m_0.22-3_prok	TARA_067_5m_0.45-0.8_girus	TARA_068_50m_0.22-0.45_girus	TARA_068_50m_0.22-3_prok	TARA_068_50m_0.45-0.8_girus	TARA_068_5m_0.22-0.45_girus	TARA_068_5m_0.22-3_prok	TARA_068_5m_0.45-0.8_girus	TARA_068_700m_0.22-3_prok	TARA_068_700m_0.45-0.8_girus	TARA_070_5m_0.22-0.45_girus	TARA_070_5m_0.22-3_prok	TARA_070_5m_0.45-0.8_girus	TARA_070_800m_0.22-0.45_girus	TARA_070_800m_0.22-3_prok	TARA_070_800m_0.45-0.8_girus	TARA_072_100m_0.22-3_prok	TARA_072_800m_0.22-3_prok	TARA_076_150m_0.22-0.45_girus	TARA_076_150m_0.22-3_prok	TARA_076_150m_0.45-0.8_girus	TARA_076_800m_0.22-3_prok	TARA_076_800m_0.45-0.8_girus	TARA_078_120m_0.22-0.45_girus	TARA_078_120m_0.22-3_prok	TARA_078_120m_0.45-0.8_girus	TARA_078_5m_0.22-0.45_girus	TARA_078_800m_0.22-3_prok	TARA_078_800m_0.45-0.8_girus	TARA_085_790m_0.22-3_prok	TARA_098_188m_0.22-3_prok	TARA_098_488m_0.22-3_prok	TARA_110_380m_0.22-3_prok	TARA_110_50m_0.22-3_prok	TARA_111_350m_0.22-3_prok	TARA_112_696m_0.22-3_prok	TARA_122_115m_0.1-0.22_girus	TARA_122_115m_0.22-0.45_girus	TARA_122_600m_0.1-0.22_girus	TARA_122_600m_0.22-0.45_girus	TARA_122_600m_0.45-0.8_girus	TARA_123_150m_0.1-0.22_girus	TARA_123_150m_0.22-0.45_girus	TARA_123_150m_0.45-0.8_girus	TARA_123_5m_0.22-0.45_girus	TARA_123_5m_0.45-0.8_girus	TARA_124_120m_0.1-0.22_girus	TARA_124_120m_0.22-0.45_girus	TARA_124_120m_0.45-0.8_girus	TARA_124_5m_0.22-0.45_girus	TARA_124_5m_0.45-0.8_girus	TARA_125_140m_0.1-0.22_girus	TARA_125_140m_0.22-0.45_girus	TARA_125_5m_0.22-0.45_girus	TARA_125_5m_0.45-0.8_girus	TARA_128_40m_0.22-3_prok	TARA_128_5m_0.22-3_prok	TARA_132_115m_0.22-3_prok	TARA_132_550m_0.22-3_prok	TARA_133_650m_0.22-3_prok	TARA_141_5m_0.22-3_prok	TARA_142_125m_0.22-3_prok	TARA_142_5m_0.22-3_prok	TARA_142_640m_0.22-3_prok	TARA_145_590m_0.22-3_prok	TARA_145_5m_0.22-3_prok	TARA_146_5m_0.22-3_prok	TARA_146_640m_0.22-3_prok	TARA_150_40m_0.22-3_prok	TARA_151_80m_0.22-3_prok	TARA_152_5-160m_0.22-3_prok	TARA_152_5m_0.22-3_prok	TARA_152_800m_0.22-3_prok	TARA_155_40m_0.22-3_prok	TARA_155_5m_0.22-3_prok	TARA_155_751m_0.22-3_prok	TARA_158_651m_0.22-3_prok	TARA_163_499m_0.22-3_prok	TARA_163_5m_0.22-3_prok	TARA_168_10-100m_0.22-3_prok	TARA_175_199m_0.22-3_prok	TARA_189_299m_0.22-3_prok	TARA_201_441m_0.22-3_prok	TARA_205_491m_0.22-3_prok	TARA_206_411m_0.22-3_prok	TARA_209_351m_0.22-3_prok	TARA_210_391m_0.22-3_prok	TARA_210_5m_0.22-3_prok	A3-09-1000m-34An	A3-09-300m-34An	A3-09-3500m-34An	A4-07-0m-34An	A4-07-1000m-34An	A4-07-3000m-34An	A5-10-0m-34An	A5-10-1000m-34An	A5-10-300m-34An	A5-10-3500m-34An	AT04-0m-8Ar	AT04-3000m-8Ar	AT04-300m-8Ar	B08-1000m-8Ar	B08-3200m-8Ar	BB08-0m-8Ar	BB08-300m-8Ar	BB08-3300m-8Ar	ICE04-1000m-9Ar	ICE04-100m-9Ar	ICE04-2280m-9Ar	LB01-1000m-8Ar	LB01-300m-8Ar	N02-1500m-8Ar	N02-500m-8Ar	N04-300m-8Ar	N04-3800m-8Ar	N07-1000m-8Ar	N07-300m-8Ar	N07-3800m-8Ar	P06-300m-8Ar	R16E-1000m-9Ar	R16E-300m-9Ar	R16E-3236m-9Ar
F8_1	NA	0.0	0.0	0.0	0.0	0.0	0.0	0.0	0.0	0.0	0.0	0.0	0.0	0.0	0.0	0.0	0.0	0.0	0.0	0.0	0.0	0.0	0.0	0.0	0.0	0.0	0.0	0.0	0.0	0.0	0.0	0.0	0.0	0.0	0.0	0.0	0.0	0.0	0.0	0.0	0.0	0.0	0.0	0.0	0.0	0.0	0.0	0.0	0.0	0.0	0.0	0.0	0.0	0.0	0.0	0.0	0.0	0.0	0.0	0.0	0.0	2765.21496593001	0.0	0.0	0.0	0.0	0.0	0.0	0.0	0.0	0.0	0.0	0.0	0.0	0.0	0.0	0.0	0.0	0.0	0.0	0.0	0.0	0.0	0.0	0.0	0.0	0.0	0.0	0.0	0.0	0.0	0.0	0.0	0.0	0.0	0.0	0.0	0.0	0.0	0.0	0.0	0.0	0.0	0.0	0.0	0.0	0.0	0.0	0.0	0.0	0.0	0.0	0.0	0.0	0.0	0.0	0.0	0.0	0.0	0.0	0.0	0.0	14336.622185906288	15196.79547647578	0.0	0.0	0.0	0.0	0.0	20146.780273805452	29827.459141750198	0.0	0.0	0.0	0.0	26241.06058429968	0.0	0.0	0.0	0.0	0.0	0.0	0.0	0.0	0.0	0.0	9504.663821661197	5323.544475463297	0.0	8386.268048692393	0.0	0.0	0.0	0.0
F8_2	NA	0.0	0.0	0.0	0.0	0.0	0.0	0.0	0.0	0.0	0.0	0.0	0.0	0.0	0.0	0.0	0.0	0.0	0.0	0.0	0.0	0.0	0.0	0.0	0.0	0.0	0.0	0.0	0.0	0.0	0.0	0.0	0.0	0.0	0.0	0.0	0.0	0.0	0.0	0.0	0.0	0.0	0.0	0.0	0.0	0.0	0.0	0.0	0.0	0.0	0.0	0.0	0.0	0.0	0.0	0.0	0.0	0.0	0.0	0.0	0.0	2541.0810744090295	0.0	0.0	0.0	0.0	0.0	0.0	0.0	0.0	0.0	0.0	0.0	0.0	0.0	0.0	0.0	0.0	0.0	0.0	0.0	0.0	0.0	0.0	0.0	0.0	0.0	0.0	0.0	0.0	0.0	0.0	0.0	0.0	0.0	0.0	0.0	0.0	0.0	0.0	0.0	0.0	0.0	0.0	0.0	0.0	0.0	0.0	0.0	0.0	0.0	0.0	0.0	0.0	0.0	0.0	0.0	0.0	0.0	0.0	0.0	0.0	11902.764946453564	12648.595019408489	0.0	0.0	0.0	0.0	0.0	16390.4753284207	24518.78302124278	0.0	0.0	0.0	0.0	21495.590971768972	0.0	0.0	0.0	0.0	0.0	0.0	0.0	0.0	0.0	0.0	8289.272122915969	4428.965903974443	0.0	7385.41497882437	0.0	0.0	0.0	0.0
GCA_000200715.1	NA	0.0	0.0	0.0	0.0	0.0	0.0	0.0	0.0	0.0	0.0	0.0	0.0	0.0	0.0	0.0	0.0	0.0	0.0	0.0	0.0	0.0	0.0	0.0	0.0	0.0	0.0	0.0	0.0	0.0	0.0	0.0	0.0	0.0	0.0	0.0	0.0	0.0	0.0	0.0	0.0	0.0	0.0	0.0	0.0	0.0	0.0	0.0	0.0	0.0	0.0	0.0	0.0	0.0	0.0	0.0	0.0	0.0	0.0	0.0	0.0	0.0	0.0	0.0	0.0	0.0	0.0	0.0	0.0	0.0	0.0	0.0	0.0	0.0	0.0	0.0	0.0	0.0	0.0	0.0	0.0	0.0	0.0	0.0	0.0	0.0	0.0	0.0	0.0	0.0	0.0	0.0	0.0	0.0	0.0	0.0	0.0	0.0	0.0	0.0	0.0	0.0	0.0	0.0	0.0	0.0	0.0	0.0	0.0	0.0	0.0	0.0	0.0	0.0	0.0	0.0	0.0	0.0	0.0	0.0	0.0	0.0	0.0	0.0	0.0	0.0	0.0	0.0	0.0	0.0	0.0	0.0	0.0	0.0	0.0	0.0	0.0	0.0	0.0	0.0	0.0	0.0	0.0	0.0	0.0	0.0	0.0	0.0	0.0	0.0	0.0	0.0	0.0	0.0
GCA_000204585.1	NA	0.0	0.0	0.0	0.0	0.0	0.0	0.0	0.0	0.0	0.0	0.0	0.0	0.0	0.0	0.0	0.0	0.0	0.0	0.0	0.0	0.0	0.0	0.0	0.0	0.0	0.0	0.0	0.0	0.0	0.0	0.0	0.0	0.0	0.0	0.0	0.0	0.0	0.0	0.0	0.0	0.0	0.0	0.0	0.0	0.0	0.0	0.0	0.0	0.0	0.0	0.0	0.0	0.0	0.0	0.0	0.0	0.0	0.0	0.0	0.0	0.0	0.0	0.0	0.0	0.0	0.0	0.0	0.0	0.0	0.0	0.0	0.0	0.0	0.0	0.0	0.0	0.0	0.0	0.0	0.0	0.0	0.0	0.0	0.0	0.0	0.0	0.0	0.0	0.0	0.0	0.0	0.0	0.0	0.0	0.0	0.0	0.0	0.0	0.0	0.0	0.0	0.0	0.0	0.0	0.0	0.0	0.0	0.0	0.0	0.0	0.0	0.0	0.0	0.0	0.0	0.0	0.0	0.0	0.0	0.0	0.0	0.0	0.0	0.0	0.0	0.0	0.0	0.0	0.0	0.0	0.0	0.0	0.0	0.0	0.0	0.0	0.0	0.0	0.0	0.0	0.0	0.0	0.0	0.0	0.0	0.0	0.0	0.0	0.0	0.0	0.0	0.0	0.0
GCA_002494485.1	NA	0.0	0.0	0.0	0.0	0.0	0.0	0.0	0.0	0.0	0.0	0.0	0.0	0.0	0.0	0.0	0.0	0.0	0.0	0.0	1005.6510335510565	0.0	0.0	0.0	0.0	0.0	0.0	0.0	0.0	0.0	0.0	0.0	0.0	0.0	0.0	0.0	0.0	0.0	0.0	0.0	0.0	0.0	0.0	0.0	0.0	0.0	4106.247071090574	8237.073480382847	0.0	4366.483211412584	0.0	0.0	0.0	1629.137629869131	2780.2131478935776	0.0	0.0	0.0	0.0	0.0	0.0	0.0	0.0	0.0	0.0	0.0	0.0	1951.920132456526	0.0	0.0	0.0	0.0	0.0	0.0	0.0	0.0	0.0	0.0	0.0	0.0	0.0	0.0	0.0	0.0	0.0	0.0	0.0	0.0	0.0	0.0	0.0	0.0	0.0	0.0	0.0	0.0	0.0	0.0	0.0	1454.7292354824303	0.0	0.0	0.0	0.0	0.0	0.0	0.0	0.0	0.0	0.0	0.0	0.0	0.0	0.0	0.0	0.0	0.0	0.0	0.0	0.0	0.0	0.0	0.0	0.0	0.0	0.0	0.0	0.0	0.0	0.0	0.0	0.0	0.0	0.0	0.0	0.0	0.0	0.0	0.0	0.0	0.0	0.0	0.0	0.0	0.0	0.0	0.0	0.0	0.0	0.0	0.0	0.0	0.0	0.0
GCA_002713325.1	NA	0.0	0.0	0.0	0.0	0.0	0.0	0.0	0.0	0.0	0.0	0.0	0.0	0.0	0.0	0.0	0.0	0.0	0.0	0.0	1716.2518634833668	0.0	0.0	0.0	0.0	0.0	0.0	0.0	0.0	0.0	0.0	0.0	0.0	0.0	0.0	0.0	0.0	0.0	0.0	0.0	0.0	0.0	0.0	0.0	0.0	0.0	4669.3554088832325	7811.55404422727	0.0	4061.161596514357	0.0	0.0	0.0	1850.540287902234	3420.720654107199	0.0	0.0	0.0	0.0	0.0	0.0	0.0	0.0	0.0	0.0	0.0	0.0	1940.9955778223177	0.0	0.0	0.0	0.0	0.0	0.0	0.0	0.0	0.0	0.0	0.0	0.0	0.0	0.0	0.0	0.0	0.0	0.0	0.0	0.0	0.0	0.0	0.0	0.0	0.0	0.0	0.0	0.0	0.0	0.0	0.0	1786.1160976442422	0.0	0.0	0.0	0.0	0.0	0.0	0.0	0.0	0.0	0.0	0.0	0.0	0.0	0.0	0.0	0.0	0.0	0.0	0.0	0.0	0.0	0.0	0.0	0.0	0.0	0.0	0.0	0.0	0.0	0.0	0.0	0.0	0.0	0.0	0.0	0.0	0.0	0.0	0.0	0.0	0.0	0.0	0.0	0.0	0.0	0.0	0.0	0.0	0.0	0.0	0.0	0.0	0.0	0.0
GCA_014066365.1	NA	0.0	0.0	0.0	0.0	0.0	0.0	0.0	0.0	0.0	0.0	0.0	0.0	0.0	0.0	0.0	0.0	0.0	0.0	0.0	0.0	0.0	0.0	0.0	0.0	0.0	0.0	0.0	0.0	0.0	0.0	0.0	0.0	0.0	0.0	0.0	0.0	0.0	0.0	0.0	0.0	0.0	0.0	0.0	0.0	0.0	0.0	0.0	0.0	0.0	0.0	0.0	0.0	0.0	0.0	0.0	0.0	0.0	0.0	0.0	0.0	24114.602766933345	0.0	0.0	0.0	0.0	0.0	0.0	0.0	0.0	0.0	0.0	0.0	0.0	0.0	0.0	0.0	0.0	0.0	0.0	0.0	0.0	0.0	0.0	0.0	0.0	0.0	0.0	0.0	0.0	0.0	0.0	0.0	0.0	0.0	0.0	0.0	0.0	0.0	0.0	0.0	0.0	0.0	0.0	0.0	0.0	0.0	0.0	0.0	0.0	0.0	0.0	0.0	0.0	0.0	0.0	0.0	0.0	0.0	0.0	0.0	0.0	40967.762794168295	43274.39287838604	0.0	0.0	0.0	0.0	0.0	47528.296545301404	40187.17969431707	0.0	0.0	0.0	0.0	42782.950904541	0.0	0.0	0.0	0.0	0.0	0.0	0.0	0.0	0.0	0.0	47499.946026484155	17755.281813662703	0.0	47370.00592700773	0.0	0.0	0.0	0.0
GCF_000018465.1	NA	0.0	0.0	0.0	0.0	0.0	0.0	0.0	0.0	0.0	0.0	0.0	0.0	0.0	0.0	0.0	0.0	0.0	0.0	0.0	0.0	0.0	0.0	0.0	0.0	0.0	0.0	0.0	0.0	0.0	0.0	0.0	0.0	0.0	0.0	0.0	0.0	0.0	0.0	0.0	0.0	0.0	0.0	0.0	0.0	0.0	0.0	0.0	0.0	0.0	0.0	0.0	0.0	0.0	0.0	0.0	0.0	0.0	0.0	0.0	0.0	0.0	0.0	0.0	0.0	0.0	0.0	0.0	0.0	0.0	0.0	0.0	0.0	0.0	0.0	0.0	0.0	0.0	0.0	0.0	0.0	0.0	0.0	0.0	0.0	0.0	0.0	0.0	0.0	0.0	0.0	0.0	0.0	0.0	0.0	0.0	0.0	0.0	0.0	0.0	0.0	0.0	0.0	0.0	0.0	0.0	0.0	0.0	0.0	0.0	0.0	0.0	0.0	0.0	0.0	0.0	0.0	0.0	0.0	0.0	0.0	0.0	0.0	0.0	0.0	0.0	0.0	0.0	0.0	0.0	0.0	0.0	0.0	0.0	0.0	0.0	0.0	0.0	0.0	0.0	0.0	0.0	0.0	0.0	0.0	0.0	0.0	0.0	0.0	0.0	0.0	0.0	0.0	0.0
GCF_000220175.1	NA	0.0	0.0	0.0	0.0	0.0	0.0	0.0	0.0	0.0	0.0	0.0	0.0	0.0	0.0	0.0	0.0	0.0	0.0	0.0	0.0	0.0	0.0	0.0	0.0	0.0	0.0	0.0	0.0	0.0	0.0	0.0	0.0	0.0	0.0	0.0	0.0	0.0	0.0	0.0	0.0	0.0	0.0	0.0	0.0	0.0	0.0	0.0	0.0	0.0	0.0	0.0	0.0	0.0	0.0	0.0	0.0	0.0	0.0	0.0	0.0	0.0	0.0	0.0	0.0	0.0	0.0	0.0	0.0	0.0	0.0	0.0	0.0	0.0	0.0	0.0	0.0	0.0	0.0	0.0	0.0	0.0	0.0	0.0	0.0	0.0	0.0	0.0	0.0	0.0	0.0	0.0	0.0	0.0	0.0	0.0	0.0	0.0	0.0	0.0	0.0	0.0	0.0	0.0	0.0	0.0	0.0	0.0	0.0	0.0	0.0	0.0	0.0	0.0	0.0	0.0	0.0	0.0	0.0	0.0	0.0	0.0	0.0	0.0	0.0	0.0	0.0	0.0	0.0	0.0	0.0	0.0	0.0	0.0	0.0	0.0	0.0	0.0	0.0	0.0	0.0	0.0	0.0	0.0	0.0	0.0	0.0	0.0	0.0	0.0	0.0	0.0	0.0	0.0
GCF_000241145.1	NA	0.0	0.0	0.0	0.0	0.0	0.0	0.0	0.0	0.0	0.0	0.0	0.0	0.0	0.0	0.0	0.0	0.0	0.0	0.0	0.0	0.0	0.0	0.0	0.0	0.0	0.0	0.0	0.0	0.0	0.0	0.0	0.0	0.0	0.0	0.0	0.0	0.0	0.0	0.0	0.0	0.0	0.0	0.0	0.0	0.0	0.0	0.0	0.0	0.0	0.0	0.0	0.0	0.0	0.0	0.0	0.0	0.0	0.0	0.0	0.0	0.0	0.0	0.0	0.0	0.0	0.0	0.0	0.0	0.0	0.0	0.0	0.0	0.0	0.0	0.0	0.0	0.0	0.0	0.0	0.0	0.0	0.0	0.0	0.0	0.0	0.0	0.0	0.0	0.0	0.0	0.0	0.0	0.0	0.0	0.0	0.0	0.0	0.0	0.0	0.0	0.0	0.0	0.0	0.0	0.0	0.0	0.0	0.0	0.0	0.0	0.0	0.0	0.0	0.0	0.0	0.0	0.0	0.0	0.0	0.0	0.0	0.0	0.0	0.0	0.0	0.0	0.0	0.0	0.0	0.0	0.0	0.0	0.0	0.0	0.0	0.0	0.0	0.0	0.0	0.0	0.0	0.0	0.0	0.0	0.0	0.0	0.0	0.0	0.0	0.0	0.0	0.0	0.0
GCF_000242875.2	NA	0.0	0.0	0.0	0.0	0.0	0.0	0.0	0.0	0.0	0.0	0.0	0.0	0.0	0.0	0.0	0.0	0.0	0.0	0.0	0.0	0.0	0.0	0.0	0.0	0.0	0.0	0.0	0.0	0.0	0.0	0.0	0.0	0.0	0.0	0.0	0.0	0.0	0.0	0.0	0.0	0.0	0.0	0.0	0.0	0.0	0.0	0.0	0.0	0.0	0.0	0.0	0.0	0.0	0.0	0.0	0.0	0.0	0.0	0.0	0.0	0.0	0.0	0.0	0.0	0.0	0.0	0.0	0.0	0.0	0.0	0.0	0.0	0.0	0.0	0.0	0.0	0.0	0.0	0.0	0.0	0.0	0.0	0.0	0.0	0.0	0.0	0.0	0.0	0.0	0.0	0.0	0.0	0.0	0.0	0.0	0.0	0.0	0.0	0.0	0.0	0.0	0.0	0.0	0.0	0.0	0.0	0.0	0.0	0.0	0.0	0.0	0.0	0.0	0.0	0.0	0.0	0.0	0.0	0.0	0.0	0.0	0.0	0.0	0.0	0.0	0.0	0.0	0.0	0.0	0.0	0.0	0.0	0.0	0.0	0.0	0.0	0.0	0.0	0.0	0.0	0.0	0.0	0.0	0.0	0.0	0.0	0.0	0.0	0.0	0.0	0.0	0.0	0.0
GCF_000299365.1	NA	0.0	0.0	0.0	0.0	0.0	0.0	0.0	0.0	0.0	0.0	0.0	0.0	0.0	0.0	0.0	0.0	0.0	0.0	0.0	0.0	0.0	0.0	0.0	0.0	0.0	0.0	0.0	0.0	0.0	0.0	0.0	0.0	0.0	0.0	0.0	0.0	0.0	0.0	0.0	0.0	0.0	0.0	0.0	0.0	0.0	0.0	0.0	0.0	0.0	0.0	0.0	0.0	0.0	0.0	0.0	0.0	0.0	0.0	0.0	0.0	0.0	0.0	0.0	0.0	0.0	0.0	0.0	0.0	0.0	0.0	0.0	0.0	0.0	0.0	0.0	0.0	0.0	0.0	0.0	0.0	0.0	0.0	0.0	0.0	0.0	0.0	0.0	0.0	0.0	0.0	0.0	0.0	0.0	0.0	0.0	0.0	0.0	0.0	0.0	0.0	0.0	0.0	0.0	0.0	0.0	0.0	0.0	0.0	0.0	0.0	0.0	0.0	0.0	0.0	0.0	0.0	0.0	0.0	0.0	0.0	0.0	0.0	0.0	0.0	0.0	0.0	0.0	0.0	0.0	0.0	0.0	0.0	0.0	0.0	0.0	0.0	0.0	0.0	0.0	0.0	0.0	0.0	0.0	0.0	0.0	0.0	0.0	0.0	0.0	0.0	0.0	0.0	0.0
GCF_000299395.1	NA	0.0	0.0	0.0	0.0	0.0	0.0	0.0	0.0	0.0	0.0	0.0	0.0	0.0	0.0	0.0	0.0	0.0	0.0	0.0	0.0	0.0	0.0	0.0	0.0	0.0	0.0	0.0	0.0	0.0	0.0	0.0	0.0	0.0	0.0	0.0	0.0	0.0	0.0	0.0	0.0	0.0	0.0	0.0	0.0	0.0	0.0	0.0	0.0	0.0	0.0	0.0	0.0	0.0	0.0	0.0	0.0	0.0	0.0	0.0	0.0	0.0	0.0	0.0	0.0	0.0	0.0	0.0	0.0	0.0	0.0	0.0	0.0	0.0	0.0	0.0	0.0	0.0	0.0	0.0	0.0	0.0	0.0	0.0	0.0	0.0	0.0	0.0	0.0	0.0	0.0	0.0	0.0	0.0	0.0	0.0	0.0	0.0	0.0	0.0	0.0	0.0	0.0	0.0	0.0	0.0	0.0	0.0	0.0	0.0	0.0	0.0	0.0	0.0	0.0	0.0	0.0	0.0	0.0	0.0	0.0	0.0	0.0	0.0	0.0	0.0	0.0	0.0	0.0	0.0	0.0	0.0	0.0	0.0	0.0	0.0	0.0	0.0	0.0	0.0	0.0	0.0	0.0	0.0	0.0	0.0	0.0	0.0	0.0	0.0	0.0	0.0	0.0	0.0
GCF_000303155.1	NA	0.0	0.0	0.0	0.0	0.0	0.0	0.0	0.0	0.0	0.0	0.0	0.0	0.0	0.0	0.0	0.0	0.0	0.0	0.0	0.0	0.0	0.0	0.0	0.0	0.0	0.0	0.0	0.0	0.0	0.0	0.0	0.0	0.0	0.0	0.0	0.0	0.0	0.0	0.0	0.0	0.0	0.0	0.0	0.0	0.0	0.0	0.0	0.0	0.0	0.0	0.0	0.0	0.0	0.0	0.0	0.0	0.0	0.0	0.0	0.0	0.0	0.0	0.0	0.0	0.0	0.0	0.0	0.0	0.0	0.0	0.0	0.0	0.0	0.0	0.0	0.0	0.0	0.0	0.0	0.0	0.0	0.0	0.0	0.0	0.0	0.0	0.0	0.0	0.0	0.0	0.0	0.0	0.0	0.0	0.0	0.0	0.0	0.0	0.0	0.0	0.0	0.0	0.0	0.0	0.0	0.0	0.0	0.0	0.0	0.0	0.0	0.0	0.0	0.0	0.0	0.0	0.0	0.0	0.0	0.0	0.0	0.0	0.0	0.0	0.0	0.0	0.0	0.0	0.0	0.0	0.0	0.0	0.0	0.0	0.0	0.0	0.0	0.0	0.0	0.0	0.0	0.0	0.0	0.0	0.0	0.0	0.0	0.0	0.0	0.0	0.0	0.0	0.0
GCF_000328945.1	NA	0.0	0.0	0.0	0.0	0.0	0.0	0.0	0.0	0.0	0.0	0.0	0.0	0.0	0.0	0.0	0.0	0.0	0.0	0.0	0.0	0.0	0.0	0.0	0.0	0.0	0.0	0.0	0.0	0.0	0.0	0.0	0.0	0.0	0.0	0.0	0.0	0.0	0.0	0.0	0.0	0.0	0.0	0.0	0.0	0.0	0.0	0.0	0.0	0.0	0.0	0.0	0.0	0.0	0.0	0.0	0.0	0.0	0.0	0.0	0.0	0.0	0.0	0.0	0.0	0.0	0.0	0.0	0.0	0.0	0.0	0.0	0.0	0.0	0.0	0.0	0.0	0.0	0.0	0.0	0.0	0.0	0.0	0.0	0.0	0.0	0.0	0.0	0.0	0.0	0.0	0.0	0.0	0.0	0.0	0.0	0.0	0.0	0.0	0.0	0.0	0.0	0.0	0.0	0.0	0.0	0.0	0.0	0.0	0.0	0.0	0.0	0.0	0.0	0.0	0.0	0.0	0.0	0.0	0.0	0.0	0.0	0.0	0.0	0.0	0.0	0.0	0.0	0.0	0.0	0.0	0.0	0.0	0.0	0.0	0.0	0.0	0.0	0.0	0.0	0.0	0.0	0.0	0.0	0.0	0.0	0.0	0.0	0.0	0.0	0.0	0.0	0.0	0.0
GCF_000812185.1	NA	0.0	0.0	446595.0746102783	513398.4515818928	522292.4532303906	153687.3073533292	176334.54283070477	321230.5530214857	298307.6850453172	181573.08639080997	257676.5462820344	53723.41576320391	57942.05923968215	0.0	0.0	0.0	0.0	0.0	342754.62998812663	0.0	178662.63108019566	221605.65578275008	0.0	436251.0219128933	461814.98738443706	407487.8277889192	432303.71529071487	1079.7912014669275	285537.3154988274	265598.0923899034	75237.6401245097	0.0	0.0	521489.8924430611	511828.40307022503	512222.6872128638	500219.8115786525	511958.53096790233	512105.62102808553	5169.4787331869575	6562.182103814475	517003.0469049185	520310.8950215709	514442.70473490114	474.3119569519605	0.0	0.0	499494.8256719131	3833.39255147222	512938.44162800786	520141.16778430017	507494.437501229	0.0	0.0	501656.15693728015	496865.6888153973	496852.06735683995	523861.6348943225	2283.4950175634103	10102.804115362822	0.0	505852.1343078064	0.0	3287.28228791766	437417.8561604059	0.0	0.0	0.0	110726.06273704747	0.0	542.0472922600798	0.0	513393.4966337201	442845.9543237451	502787.880796348	505113.0533243692	498481.49347523565	503619.9156027126	430651.0646266166	428418.1064563848	503244.32396629336	495922.77868636855	511719.09396511986	503081.69801560655	442675.64583274105	443019.7881912248	397912.16873322835	385040.0696000805	510986.3807103242	0.0	0.0	0.0	109340.21441343999	98806.2566503401	0.0	5015.642806969813	148151.99181346162	370863.364320083	9686.312887738593	497417.11523524055	392780.2804425415	420835.55308469996	442026.16172494716	1596.8811897253097	100528.0953387325	99044.79961255971	113245.04839504791	26157.837975123613	14886.484114360945	0.0	0.0	34273.16713276104	37194.17605988407	0.0	0.0	0.0	0.0	27516.630290068693	0.0	0.0	0.0	0.0	0.0	0.0	0.0	0.0	0.0	0.0	0.0	0.0	68824.78198595095	0.0	0.0	0.0	0.0	0.0	0.0	0.0	0.0	0.0	0.0	0.0	0.0	0.0	0.0	0.0	0.0	0.0	0.0	0.0	0.0	0.0	0.0
GCF_000875775.1	NA	0.0	0.0	0.0	0.0	0.0	0.0	0.0	0.0	0.0	0.0	0.0	0.0	0.0	0.0	0.0	0.0	0.0	0.0	0.0	0.0	0.0	0.0	0.0	0.0	0.0	0.0	0.0	0.0	0.0	0.0	0.0	0.0	0.0	0.0	0.0	0.0	0.0	0.0	0.0	0.0	0.0	0.0	0.0	0.0	0.0	0.0	0.0	0.0	0.0	0.0	0.0	0.0	0.0	0.0	0.0	0.0	0.0	0.0	0.0	0.0	0.0	0.0	0.0	0.0	0.0	0.0	0.0	0.0	0.0	0.0	0.0	0.0	0.0	0.0	0.0	0.0	0.0	0.0	0.0	0.0	0.0	0.0	0.0	0.0	0.0	0.0	0.0	0.0	0.0	0.0	0.0	0.0	0.0	0.0	0.0	0.0	0.0	0.0	0.0	0.0	0.0	0.0	0.0	0.0	0.0	0.0	0.0	0.0	0.0	0.0	0.0	0.0	0.0	0.0	0.0	0.0	0.0	0.0	0.0	0.0	0.0	0.0	0.0	0.0	0.0	0.0	0.0	0.0	0.0	0.0	0.0	0.0	0.0	0.0	0.0	0.0	0.0	0.0	0.0	0.0	0.0	0.0	0.0	0.0	0.0	0.0	0.0	0.0	0.0	0.0	0.0	0.0	0.0
GCF_000955905.1	NA	0.0	0.0	0.0	0.0	0.0	0.0	0.0	0.0	0.0	0.0	0.0	0.0	0.0	0.0	0.0	0.0	0.0	0.0	0.0	0.0	0.0	0.0	0.0	0.0	0.0	0.0	0.0	0.0	0.0	0.0	0.0	0.0	0.0	0.0	0.0	0.0	0.0	0.0	0.0	0.0	0.0	0.0	0.0	0.0	0.0	0.0	0.0	0.0	0.0	0.0	0.0	0.0	0.0	0.0	0.0	0.0	0.0	0.0	0.0	0.0	0.0	0.0	0.0	0.0	0.0	0.0	0.0	0.0	0.0	0.0	0.0	0.0	0.0	0.0	0.0	0.0	0.0	0.0	0.0	0.0	0.0	0.0	0.0	0.0	0.0	0.0	0.0	0.0	0.0	0.0	0.0	0.0	0.0	0.0	0.0	0.0	0.0	0.0	0.0	0.0	0.0	0.0	0.0	0.0	0.0	0.0	0.0	0.0	0.0	0.0	0.0	0.0	0.0	0.0	0.0	0.0	0.0	0.0	0.0	0.0	0.0	0.0	0.0	0.0	0.0	0.0	0.0	0.0	0.0	0.0	0.0	0.0	0.0	0.0	0.0	0.0	0.0	0.0	0.0	0.0	0.0	0.0	0.0	0.0	0.0	0.0	0.0	0.0	0.0	0.0	0.0	0.0	0.0
GCF_000956175.1	NA	0.0	0.0	0.0	0.0	0.0	0.0	0.0	0.0	0.0	0.0	0.0	0.0	0.0	0.0	0.0	0.0	0.0	0.0	0.0	0.0	0.0	0.0	0.0	0.0	0.0	0.0	0.0	0.0	0.0	0.0	0.0	0.0	0.0	0.0	0.0	0.0	0.0	0.0	0.0	0.0	0.0	0.0	0.0	0.0	0.0	0.0	0.0	0.0	0.0	0.0	0.0	0.0	0.0	0.0	0.0	0.0	0.0	0.0	0.0	0.0	0.0	0.0	0.0	0.0	0.0	0.0	0.0	0.0	0.0	0.0	0.0	0.0	0.0	0.0	0.0	0.0	0.0	0.0	0.0	0.0	0.0	0.0	0.0	0.0	0.0	0.0	0.0	0.0	0.0	0.0	0.0	0.0	0.0	0.0	0.0	0.0	0.0	0.0	0.0	0.0	0.0	0.0	0.0	0.0	0.0	0.0	0.0	0.0	0.0	0.0	0.0	0.0	0.0	0.0	0.0	0.0	0.0	0.0	0.0	0.0	0.0	0.0	0.0	0.0	0.0	0.0	0.0	0.0	0.0	0.0	0.0	0.0	0.0	0.0	0.0	0.0	0.0	0.0	0.0	0.0	0.0	0.0	0.0	0.0	0.0	0.0	0.0	0.0	0.0	0.0	0.0	0.0	0.0
GCF_001541925.1	NA	0.0	0.0	0.0	0.0	0.0	0.0	61267.81699291638	0.0	0.0	0.0	0.0	0.0	0.0	0.0	0.0	0.0	0.0	0.0	0.0	0.0	0.0	0.0	0.0	0.0	0.0	0.0	0.0	0.0	39680.51455506901	40284.371832168246	170128.3177377772	242309.3336981981	204725.39993096204	0.0	0.0	0.0	0.0	0.0	0.0	8524.132865882826	9769.984595400456	0.0	0.0	0.0	0.0	0.0	0.0	0.0	0.0	0.0	0.0	0.0	0.0	0.0	0.0	0.0	0.0	0.0	0.0	0.0	0.0	0.0	0.0	0.0	0.0	0.0	0.0	0.0	0.0	0.0	0.0	0.0	0.0	0.0	0.0	0.0	0.0	0.0	0.0	0.0	0.0	0.0	0.0	0.0	0.0	0.0	0.0	0.0	0.0	0.0	0.0	0.0	0.0	0.0	0.0	7460.145129793814	62248.47844050578	0.0	4046.824593151521	0.0	22460.114427479315	0.0	0.0	0.0	110331.2759043955	104516.3319917456	33822.47978169223	122970.4795391821	160335.8139567826	0.0	324785.0949658717	178867.6974457813	142328.06062917158	271128.8535266579	285411.78026712674	248595.06614815636	226288.5193419144	195010.08243372253	272390.1060691932	0.0	0.0	0.0	0.0	0.0	0.0	0.0	0.0	0.0	0.0	0.0	188319.23059290298	0.0	0.0	0.0	0.0	0.0	0.0	0.0	0.0	0.0	0.0	0.0	0.0	49780.07246018331	0.0	0.0	0.0	47451.367220199296	0.0	0.0	0.0	0.0	0.0
GCF_001870125.1	NA	0.0	0.0	0.0	0.0	0.0	0.0	0.0	0.0	0.0	0.0	0.0	0.0	0.0	0.0	0.0	0.0	0.0	0.0	0.0	0.0	0.0	0.0	0.0	0.0	0.0	0.0	0.0	0.0	0.0	0.0	0.0	0.0	0.0	0.0	0.0	0.0	0.0	0.0	0.0	0.0	0.0	0.0	0.0	0.0	0.0	0.0	0.0	0.0	0.0	0.0	0.0	0.0	0.0	0.0	0.0	0.0	0.0	0.0	0.0	0.0	0.0	0.0	0.0	0.0	0.0	0.0	0.0	0.0	0.0	0.0	0.0	0.0	0.0	0.0	0.0	0.0	0.0	0.0	0.0	0.0	0.0	0.0	0.0	0.0	0.0	0.0	0.0	0.0	0.0	0.0	0.0	0.0	0.0	0.0	0.0	0.0	0.0	0.0	0.0	0.0	0.0	0.0	0.0	0.0	0.0	0.0	0.0	0.0	0.0	0.0	0.0	0.0	0.0	0.0	0.0	0.0	0.0	0.0	0.0	0.0	0.0	0.0	0.0	0.0	0.0	0.0	0.0	0.0	0.0	0.0	0.0	0.0	0.0	0.0	0.0	0.0	0.0	0.0	0.0	0.0	0.0	0.0	0.0	0.0	0.0	0.0	0.0	0.0	0.0	0.0	0.0	0.0	0.0
GCF_002156965.1	NA	1000000.0	0.0	105401.82512577441	0.0	0.0	140081.49403408158	568177.0970213155	306493.89945140627	418373.53663141996	653284.1011214004	476155.10331972665	0.0	0.0	0.0	0.0	0.0	0.0	0.0	0.0	0.0	0.0	0.0	0.0	0.0	0.0	0.0	0.0	0.0	323391.8478656347	321117.62934322574	563934.3028162569	757690.6663018018	687014.3830800506	3595.843674481114	6288.473172788567	7311.001714076188	6106.670109137376	6902.274435912287	8719.668646357235	19013.293941640986	22396.999619196988	0.0	0.0	0.0	0.0	0.0	0.0	0.0	0.0	0.0	0.0	0.0	0.0	0.0	5933.787253632335	12737.86884883424	11799.324603941508	0.0	5684.644257415773	0.0	15106.09173283043	0.0	0.0	1369.7805485118074	141659.28008884267	0.0	0.0	0.0	0.0	0.0	0.0	0.0	0.0	0.0	0.0	0.0	0.0	0.0	0.0	0.0	0.0	0.0	0.0	0.0	0.0	0.0	0.0	0.0	0.0	0.0	3581.6621338417267	0.0	0.0	0.0	1292.8676945371224	16685.43341740006	344857.86233221355	4358.935798245288	16736.782206871223	0.0	163272.32623760548	137632.65469173205	102009.00773631476	1651.329555990753	628303.9467397633	639396.5260536247	150935.96668627954	272795.3671694349	347615.82335005625	356283.3230725954	675214.9050341283	380132.93217817193	302004.26428103447	537386.5369695702	555087.8880595369	488230.6576827686	458214.7089965312	429389.153834845	573061.9612779561	0.0	49695.827777474966	0.0	0.0	0.0	58276.2590446468	0.0	21387.49982168738	80801.0787069288	0.0	0.0	477355.00501516263	394849.2406963436	0.0	0.0	0.0	855948.0234785366	657987.6521567256	0.0	103619.91859248829	0.0	272991.2648968292	616429.6401021432	0.0	114384.03727871098	0.0	0.0	24115.953136909797	114148.9324016796	0.0	89348.72848524802	0.0	78557.15520831168	0.0
GCF_003045125.1	NA	0.0	0.0	419695.1242945108	486601.5484181072	477707.54676960927	146254.03185522035	168776.11057230196	310988.55190838774	283318.7783232629	165142.8124877896	244472.03086348652	53903.693580758685	58194.0562451913	0.0	0.0	0.0	0.0	0.0	343633.2518481507	0.0	177599.7053470991	214287.0788586712	0.0	415928.0828768505	426941.2662773805	383796.49323793914	414420.43961074	1033.1130445485874	271730.661013296	251472.5755598784	76944.09770315127	0.0	0.0	467752.88168736565	481883.1237569864	480466.3110730599	467299.3532765825	481139.1945961854	479174.7103255573	5213.51671238188	6619.384325164632	482996.95309508155	479689.10497842915	485557.29526509886	477.25248476606197	0.0	0.0	500505.17432808684	3845.150740574715	470794.76812022016	479858.83221569983	476785.00896621373	0.0	0.0	467604.15500271745	464438.89323453035	467607.5373787419	476138.36510567757	2254.4916501138414	9876.550356226851	0.0	494147.8656921936	0.0	3207.7578264354006	420922.86375075136	0.0	0.0	0.0	107452.01694247524	0.0	549.281824021976	0.0	486606.50336627994	438579.0139250684	497212.119203652	494886.9466756307	501518.50652476435	496380.0843972874	424546.697210913	426726.49798220146	496755.67603370664	504077.2213136315	488280.9060348801	496918.3019843933	436095.84030773997	440081.61221184564	388111.31786848523	380267.70794326754	489013.6192896758	0.0	0.0	0.0	108687.52372685392	95446.43406719413	0.0	4994.339016012804	139954.0470971354	350709.3106705301	9483.503434368195	461065.38032597373	370954.3334873705	401448.52626065194	417270.0144305983	1600.9445006406413	101009.34448246566	100224.04638693942	114100.33057455248	26244.485641786057	14872.051755298187	0.0	0.0	34839.21235931857	36845.94864010999	0.0	0.0	0.0	0.0	27968.952059243133	0.0	0.0	0.0	0.0	0.0	0.0	0.0	0.0	0.0	0.0	0.0	0.0	71299.10792267049	0.0	0.0	0.0	0.0	0.0	0.0	0.0	0.0	0.0	0.0	0.0	0.0	0.0	0.0	0.0	0.0	0.0	0.0	0.0	0.0	0.0	0.0
GCF_003175215.1	NA	0.0	0.0	0.0	0.0	0.0	0.0	0.0	0.0	0.0	0.0	0.0	0.0	0.0	0.0	0.0	0.0	0.0	0.0	0.0	0.0	0.0	0.0	0.0	0.0	0.0	0.0	0.0	0.0	0.0	0.0	0.0	0.0	0.0	0.0	0.0	0.0	0.0	0.0	0.0	0.0	0.0	0.0	0.0	0.0	0.0	0.0	0.0	0.0	0.0	0.0	0.0	0.0	0.0	0.0	0.0	0.0	0.0	0.0	0.0	0.0	0.0	0.0	0.0	0.0	0.0	0.0	0.0	0.0	0.0	0.0	0.0	0.0	0.0	0.0	0.0	0.0	0.0	0.0	0.0	0.0	0.0	0.0	0.0	0.0	0.0	0.0	0.0	0.0	0.0	0.0	0.0	0.0	0.0	0.0	0.0	0.0	0.0	0.0	0.0	0.0	0.0	0.0	0.0	0.0	0.0	0.0	0.0	0.0	0.0	0.0	0.0	0.0	0.0	0.0	0.0	0.0	0.0	0.0	0.0	0.0	0.0	0.0	0.0	0.0	0.0	0.0	0.0	0.0	0.0	0.0	0.0	0.0	0.0	0.0	0.0	0.0	0.0	0.0	0.0	0.0	0.0	0.0	0.0	0.0	0.0	0.0	0.0	0.0	0.0	0.0	0.0	0.0	0.0
GCF_013407145.1	NA	0.0	0.0	0.0	0.0	0.0	0.0	0.0	0.0	0.0	0.0	0.0	0.0	0.0	0.0	0.0	0.0	0.0	0.0	0.0	0.0	0.0	0.0	0.0	0.0	0.0	0.0	0.0	0.0	0.0	0.0	0.0	0.0	0.0	0.0	0.0	0.0	0.0	0.0	0.0	0.0	0.0	0.0	0.0	0.0	0.0	0.0	0.0	0.0	0.0	0.0	0.0	0.0	0.0	0.0	0.0	0.0	0.0	0.0	0.0	0.0	0.0	0.0	0.0	0.0	0.0	0.0	0.0	0.0	0.0	0.0	0.0	0.0	0.0	0.0	0.0	0.0	0.0	0.0	0.0	0.0	0.0	0.0	0.0	0.0	0.0	0.0	0.0	0.0	0.0	0.0	0.0	0.0	0.0	0.0	0.0	0.0	0.0	0.0	0.0	0.0	0.0	0.0	0.0	0.0	0.0	0.0	0.0	0.0	0.0	0.0	0.0	0.0	0.0	0.0	0.0	0.0	0.0	0.0	0.0	0.0	0.0	0.0	0.0	0.0	0.0	0.0	0.0	0.0	0.0	0.0	0.0	0.0	0.0	0.0	0.0	0.0	0.0	0.0	0.0	0.0	0.0	0.0	0.0	0.0	0.0	0.0	0.0	0.0	0.0	0.0	0.0	0.0	0.0
GCF_013407165.1	NA	0.0	0.0	0.0	0.0	0.0	0.0	0.0	0.0	0.0	0.0	0.0	0.0	0.0	0.0	0.0	0.0	0.0	0.0	0.0	0.0	0.0	0.0	0.0	0.0	0.0	0.0	0.0	0.0	0.0	0.0	0.0	0.0	0.0	0.0	0.0	0.0	0.0	0.0	0.0	0.0	0.0	0.0	0.0	0.0	0.0	0.0	0.0	0.0	0.0	0.0	0.0	0.0	0.0	0.0	0.0	0.0	0.0	0.0	0.0	0.0	0.0	0.0	0.0	0.0	0.0	0.0	0.0	0.0	0.0	0.0	0.0	0.0	0.0	0.0	0.0	0.0	0.0	0.0	0.0	0.0	0.0	0.0	0.0	0.0	0.0	0.0	0.0	0.0	0.0	0.0	0.0	0.0	0.0	0.0	0.0	0.0	0.0	0.0	0.0	0.0	0.0	0.0	0.0	0.0	0.0	0.0	0.0	0.0	0.0	0.0	0.0	0.0	0.0	0.0	0.0	0.0	0.0	0.0	0.0	0.0	0.0	0.0	0.0	0.0	0.0	0.0	0.0	0.0	0.0	0.0	0.0	0.0	0.0	0.0	0.0	0.0	0.0	0.0	0.0	0.0	0.0	0.0	0.0	0.0	0.0	0.0	0.0	0.0	0.0	0.0	0.0	0.0	0.0
GCF_013407185.1	NA	0.0	0.0	0.0	0.0	0.0	0.0	0.0	0.0	0.0	0.0	0.0	0.0	0.0	0.0	0.0	0.0	0.0	0.0	0.0	0.0	0.0	0.0	0.0	0.0	0.0	0.0	0.0	0.0	0.0	0.0	0.0	0.0	0.0	0.0	0.0	0.0	0.0	0.0	0.0	0.0	0.0	0.0	0.0	0.0	0.0	0.0	0.0	0.0	0.0	0.0	0.0	0.0	0.0	0.0	0.0	0.0	0.0	0.0	0.0	0.0	0.0	0.0	0.0	0.0	0.0	0.0	0.0	0.0	0.0	0.0	0.0	0.0	0.0	0.0	0.0	0.0	0.0	0.0	0.0	0.0	0.0	0.0	0.0	0.0	0.0	0.0	0.0	0.0	0.0	0.0	0.0	0.0	0.0	0.0	0.0	0.0	0.0	0.0	0.0	0.0	0.0	0.0	0.0	0.0	0.0	0.0	0.0	0.0	0.0	0.0	0.0	0.0	0.0	0.0	0.0	0.0	0.0	0.0	0.0	0.0	0.0	0.0	0.0	0.0	0.0	0.0	0.0	0.0	0.0	0.0	0.0	0.0	0.0	0.0	0.0	0.0	0.0	0.0	0.0	0.0	0.0	0.0	0.0	0.0	0.0	0.0	0.0	0.0	0.0	0.0	0.0	0.0	0.0
GCF_013407385.1	NA	0.0	0.0	0.0	0.0	0.0	0.0	0.0	0.0	0.0	0.0	0.0	0.0	0.0	0.0	0.0	0.0	0.0	0.0	0.0	0.0	0.0	0.0	0.0	0.0	0.0	0.0	0.0	0.0	0.0	0.0	0.0	0.0	0.0	0.0	0.0	0.0	0.0	0.0	0.0	0.0	0.0	0.0	0.0	0.0	0.0	0.0	0.0	0.0	0.0	0.0	0.0	0.0	0.0	0.0	0.0	0.0	0.0	0.0	0.0	0.0	0.0	0.0	0.0	0.0	0.0	0.0	0.0	0.0	0.0	0.0	0.0	0.0	0.0	0.0	0.0	0.0	0.0	0.0	0.0	0.0	0.0	0.0	0.0	0.0	0.0	0.0	0.0	0.0	0.0	0.0	0.0	0.0	0.0	0.0	0.0	0.0	0.0	0.0	0.0	0.0	0.0	0.0	0.0	0.0	0.0	0.0	0.0	0.0	0.0	0.0	0.0	0.0	0.0	0.0	0.0	0.0	0.0	0.0	0.0	0.0	0.0	0.0	0.0	0.0	0.0	0.0	0.0	0.0	0.0	0.0	0.0	0.0	0.0	0.0	0.0	0.0	0.0	0.0	0.0	0.0	0.0	0.0	0.0	0.0	0.0	0.0	0.0	0.0	0.0	0.0	0.0	0.0	0.0
GCF_014078525.1	NA	0.0	0.0	0.0	0.0	0.0	0.0	0.0	0.0	0.0	0.0	0.0	0.0	0.0	0.0	0.0	0.0	0.0	0.0	0.0	0.0	0.0	0.0	0.0	0.0	0.0	0.0	0.0	0.0	0.0	0.0	0.0	0.0	0.0	0.0	0.0	0.0	0.0	0.0	0.0	0.0	0.0	0.0	0.0	0.0	0.0	0.0	0.0	0.0	0.0	0.0	0.0	0.0	0.0	0.0	0.0	0.0	0.0	0.0	0.0	0.0	0.0	0.0	0.0	0.0	0.0	0.0	0.0	0.0	0.0	0.0	0.0	0.0	0.0	0.0	0.0	0.0	0.0	0.0	0.0	0.0	0.0	0.0	0.0	0.0	0.0	0.0	0.0	0.0	0.0	0.0	0.0	0.0	0.0	0.0	0.0	0.0	0.0	0.0	0.0	0.0	0.0	0.0	0.0	0.0	0.0	0.0	0.0	0.0	0.0	0.0	0.0	0.0	0.0	0.0	0.0	0.0	0.0	0.0	0.0	0.0	0.0	0.0	0.0	0.0	0.0	0.0	0.0	0.0	0.0	0.0	0.0	0.0	0.0	0.0	0.0	0.0	0.0	0.0	0.0	0.0	0.0	0.0	0.0	0.0	0.0	0.0	0.0	0.0	0.0	0.0	0.0	0.0	0.0
GCF_014078535.1	NA	0.0	0.0	0.0	0.0	0.0	0.0	0.0	0.0	0.0	0.0	0.0	0.0	0.0	0.0	0.0	0.0	0.0	0.0	0.0	0.0	0.0	0.0	0.0	0.0	0.0	0.0	0.0	0.0	0.0	0.0	0.0	0.0	0.0	0.0	0.0	0.0	0.0	0.0	0.0	0.0	0.0	0.0	0.0	0.0	0.0	0.0	0.0	0.0	0.0	0.0	0.0	0.0	0.0	0.0	0.0	0.0	0.0	0.0	0.0	0.0	0.0	0.0	0.0	0.0	0.0	0.0	0.0	0.0	0.0	0.0	0.0	0.0	0.0	0.0	0.0	0.0	0.0	0.0	0.0	0.0	0.0	0.0	0.0	0.0	0.0	0.0	0.0	0.0	0.0	0.0	0.0	0.0	0.0	0.0	0.0	0.0	0.0	0.0	0.0	0.0	0.0	0.0	0.0	0.0	0.0	0.0	0.0	0.0	0.0	0.0	0.0	0.0	0.0	0.0	0.0	0.0	0.0	0.0	0.0	0.0	0.0	0.0	0.0	0.0	0.0	0.0	0.0	0.0	0.0	0.0	0.0	0.0	0.0	0.0	0.0	0.0	0.0	0.0	0.0	0.0	0.0	0.0	0.0	0.0	0.0	0.0	0.0	0.0	0.0	0.0	0.0	0.0	0.0
GCF_014078545.1	NA	0.0	0.0	0.0	0.0	0.0	0.0	0.0	0.0	0.0	0.0	0.0	0.0	0.0	0.0	0.0	0.0	0.0	0.0	0.0	0.0	0.0	0.0	0.0	0.0	0.0	0.0	0.0	0.0	0.0	0.0	0.0	0.0	0.0	0.0	0.0	0.0	0.0	0.0	0.0	0.0	0.0	0.0	0.0	0.0	0.0	0.0	0.0	0.0	0.0	0.0	0.0	0.0	0.0	0.0	0.0	0.0	0.0	0.0	0.0	0.0	0.0	0.0	0.0	0.0	0.0	0.0	0.0	0.0	0.0	0.0	0.0	0.0	0.0	0.0	0.0	0.0	0.0	0.0	0.0	0.0	0.0	0.0	0.0	0.0	0.0	0.0	0.0	0.0	0.0	0.0	0.0	0.0	0.0	0.0	0.0	0.0	0.0	0.0	0.0	0.0	0.0	0.0	0.0	0.0	0.0	0.0	0.0	0.0	0.0	0.0	0.0	0.0	0.0	0.0	0.0	0.0	0.0	0.0	0.0	0.0	0.0	0.0	0.0	0.0	0.0	0.0	0.0	0.0	0.0	0.0	0.0	0.0	0.0	0.0	0.0	0.0	0.0	2004.2934885817588	0.0	12328.52984698464	0.0	0.0	0.0	0.0	0.0	0.0	0.0	0.0	0.0	0.0	0.0	0.0	0.0
GCF_900167955.1	NA	0.0	0.0	0.0	0.0	0.0	0.0	0.0	0.0	0.0	0.0	0.0	0.0	0.0	0.0	0.0	0.0	0.0	0.0	0.0	0.0	0.0	0.0	0.0	0.0	0.0	0.0	0.0	0.0	0.0	0.0	0.0	0.0	0.0	0.0	0.0	0.0	0.0	0.0	0.0	0.0	0.0	0.0	0.0	0.0	0.0	0.0	0.0	0.0	0.0	0.0	0.0	0.0	0.0	0.0	0.0	0.0	0.0	0.0	0.0	0.0	0.0	0.0	0.0	0.0	0.0	0.0	0.0	0.0	0.0	0.0	0.0	0.0	0.0	0.0	0.0	0.0	0.0	0.0	0.0	0.0	0.0	0.0	0.0	0.0	0.0	0.0	0.0	0.0	0.0	0.0	0.0	0.0	0.0	0.0	0.0	0.0	0.0	0.0	0.0	0.0	0.0	0.0	0.0	0.0	0.0	0.0	0.0	0.0	0.0	0.0	0.0	0.0	0.0	0.0	0.0	0.0	0.0	0.0	0.0	0.0	0.0	0.0	0.0	0.0	0.0	0.0	0.0	0.0	0.0	0.0	0.0	0.0	0.0	0.0	0.0	0.0	0.0	0.0	0.0	0.0	0.0	0.0	0.0	0.0	0.0	0.0	0.0	0.0	0.0	0.0	0.0	0.0	0.0
JGI_2527291500	NA	0.0	0.0	0.0	0.0	0.0	181506.95963951573	0.0	0.0	0.0	0.0	0.0	0.0	0.0	298194.86795591825	255134.85916802904	324116.81019824126	328377.9092110422	271290.4182185179	0.0	208074.84557022888	0.0	0.0	293668.5801824655	0.0	0.0	12958.687676386897	0.0	289435.66127556004	0.0	0.0	0.0	0.0	0.0	0.0	0.0	0.0	8055.92893333686	0.0	0.0	324175.83325115737	328100.7097348305	0.0	0.0	0.0	253376.6352034421	245665.15587537803	241154.20392416266	0.0	251399.37532429723	0.0	0.0	0.0	316261.48735608114	312385.62289614655	0.0	0.0	0.0	0.0	353578.7989504819	353787.4399475058	213743.31320549618	0.0	307739.80248569767	282450.8258748949	0.0	282696.87386482785	284095.3638973532	323944.99113526137	214134.72684591095	239054.6350116478	255000.49314164114	248308.13003001735	0.0	0.0	0.0	0.0	0.0	0.0	0.0	0.0	0.0	0.0	0.0	0.0	0.0	0.0	0.0	0.0	0.0	342245.33299282496	273795.61333510577	0.0	0.0	0.0	272089.3973056655	323713.0000095679	6672.2281270145095	3218.424616889693	254490.119315468	0.0	7752.538396297539	0.0	0.0	270053.85691254464	0.0	0.0	135737.32228448364	163262.0717867537	67308.92075716484	221803.3864445739	0.0	38124.83220380861	119855.93613999373	18270.04845375156	5805.660059850335	8745.54812879774	0.0	9278.20764297311	0.0	283070.7250690561	365811.6337705506	24291.71914361012	25325.608908396018	263315.47529613075	358114.95563233254	0.0	295196.9302531439	354858.70403204695	27974.448744426027	68686.05835319217	0.0	267102.934302014	565505.3218795989	106936.66506482841	77047.88278669721	54700.25040885347	124167.60810475855	196425.1628986564	335421.13817523536	0.0	316067.1836556081	168328.17246157856	232720.74206367251	310647.45436022937	418941.7088415509	17568.817753436204	225382.30880063158	326291.06518990867	24915.91061209034	333551.028675	275346.4402603112	345737.2035331648	0.0
JGI_2639762712	NA	0.0	0.0	0.0	0.0	0.0	212290.4560157102	0.0	0.0	0.0	0.0	0.0	0.0	0.0	377643.92434581026	313354.6639111479	372533.60766001587	366640.5569993626	292164.07563997176	0.0	248200.52605190204	0.0	0.0	293568.03309519566	0.0	0.0	13277.028042968705	0.0	317435.5803222123	0.0	0.0	17294.58739017462	0.0	0.0	0.0	0.0	0.0	6983.282485573759	0.0	0.0	281375.4557677912	278176.6564094547	0.0	0.0	0.0	224211.34842074587	219609.2723480151	215245.9804454048	0.0	245667.66911618935	0.0	0.0	0.0	254823.07094584976	249621.8111583202	0.0	0.0	0.0	0.0	282821.8788107917	272350.02948223555	170557.74654495652	0.0	315042.5309739014	330921.2626260873	0.0	336585.28353829164	263967.3591014713	366370.67553457106	247823.259174206	278811.31900804205	287419.2029577989	274873.9673223662	0.0	0.0	0.0	0.0	0.0	0.0	0.0	0.0	0.0	0.0	0.0	0.0	0.0	0.0	0.0	0.0	0.0	301573.67765755625	251294.25742756057	0.0	0.0	0.0	327748.3437684962	247502.51303262037	7789.112945923689	3448.5340198068598	303069.8142828434	0.0	8125.361102225791	0.0	0.0	317900.4039162019	0.0	0.0	161607.77245570783	96605.80896797955	47906.51895335843	157423.56671928635	0.0	23661.916793856726	71475.62822692582	12377.358021892693	0.0	5507.42562330303	0.0	6706.463235733632	0.0	201334.05750955935	224775.14113923654	24022.23965711499	25757.10451692194	195225.41470062165	222315.01921072375	0.0	204743.37191205908	217242.41297128488	26869.645096144646	63466.46371926075	0.0	148863.28768264776	0.0	112976.20061013536	71207.13281906664	39517.3289511372	85636.25315221644	159589.77821704614	210181.2439985761	0.0	196398.71392609444	110252.12105190111	193926.7622105117	197181.82082223924	264952.3536604488	18445.692306687593	178373.17187058952	198556.648804519	24967.709351891568	211460.4456428023	208750.58445414275	217221.9337407231	0.0
JGI_2651870209	NA	0.0	1000000.0	28307.975969436407	0.0	0.0	0.0	25444.432582761518	61286.99561872038	0.0	0.0	21696.319534752434	854260.6726227307	866449.1296837485	0.0	0.0	0.0	0.0	0.0	313612.1181637227	561.4892130616485	643737.6635727054	564107.2653585788	0.0	147820.89521025628	111243.74633818254	145961.88979841815	153275.8450985451	0.0	0.0	12201.88846812725	0.0	0.0	0.0	7161.382195092213	0.0	0.0	5863.956992573967	0.0	0.0	0.0	0.0	0.0	0.0	0.0	0.0	0.0	0.0	0.0	0.0	16266.7902517721	0.0	15720.553532557149	0.0	0.0	24805.900806370162	25957.549101238215	23741.070660476777	0.0	0.0	0.0	0.0	0.0	0.0	0.0	0.0	0.0	0.0	0.0	0.0	0.0	0.0	0.0	0.0	118575.03175118643	0.0	0.0	0.0	0.0	144802.2381624704	144855.39556141375	0.0	0.0	0.0	0.0	121228.51385951907	116898.59959692962	213976.51339828642	234692.2224566519	0.0	0.0	0.0	302023.81953187444	781972.261859706	805747.3092824658	0.0	4236.0528715630335	91947.14139438096	245765.10735882848	4227.23001380878	41517.50443878576	28592.887804571943	40083.265962916164	38694.81610814	0.0	0.0	0.0	54718.536859065425	0.0	0.0	0.0	0.0	26619.267069070258	31149.838173252097	0.0	0.0	0.0	0.0	19064.111514171313	0.0	0.0	0.0	0.0	0.0	0.0	0.0	0.0	0.0	0.0	0.0	0.0	0.0	0.0	0.0	0.0	0.0	0.0	0.0	0.0	0.0	0.0	0.0	0.0	0.0	0.0	0.0	0.0	0.0	0.0	0.0	0.0	0.0	0.0	0.0
PRE1_15m_bin1	NA	0.0	0.0	0.0	0.0	0.0	0.0	0.0	0.0	0.0	0.0	0.0	14390.469956786937	3809.444863044388	0.0	0.0	0.0	0.0	0.0	0.0	0.0	0.0	0.0	0.0	0.0	0.0	0.0	0.0	0.0	42301.35953518077	48646.70451408051	0.0	0.0	0.0	0.0	0.0	0.0	0.0	0.0	0.0	0.0	0.0	0.0	0.0	0.0	0.0	0.0	0.0	0.0	0.0	0.0	0.0	0.0	0.0	0.0	0.0	0.0	0.0	0.0	0.0	0.0	0.0	0.0	0.0	0.0	0.0	0.0	0.0	0.0	0.0	0.0	0.0	0.0	0.0	0.0	0.0	0.0	0.0	0.0	0.0	0.0	0.0	0.0	0.0	0.0	0.0	0.0	0.0	0.0	0.0	0.0	0.0	464153.41209006216	0.0	0.0	0.0	0.0	59588.28060437695	6033.192710216346	0.0	0.0	0.0	0.0	0.0	0.0	0.0	0.0	12555.111934020371	0.0	62901.44564771177	0.0	0.0	71450.48392505015	0.0	0.0	0.0	0.0	90565.94580294869	77693.7595451247	0.0	0.0	0.0	0.0	0.0	0.0	0.0	0.0	0.0	0.0	0.0	0.0	0.0	0.0	0.0	0.0	0.0	0.0	0.0	0.0	0.0	0.0	0.0	0.0	0.0	0.0	0.0	0.0	0.0	0.0	0.0	0.0	0.0	0.0	0.0
PRE2_20m_bin1	NA	0.0	0.0	0.0	0.0	0.0	0.0	0.0	0.0	0.0	0.0	0.0	20125.450302049943	13605.309968333759	0.0	0.0	0.0	0.0	0.0	0.0	0.0	0.0	0.0	0.0	0.0	0.0	26118.613629496052	0.0	0.0	37358.30153199204	41193.61834788771	96461.05422813029	0.0	108260.21698898736	0.0	0.0	0.0	0.0	0.0	0.0	5159.941425223659	0.0	0.0	0.0	0.0	0.0	0.0	0.0	0.0	0.0	0.0	0.0	0.0	0.0	0.0	0.0	0.0	0.0	0.0	0.0	0.0	0.0	0.0	0.0	0.0	0.0	0.0	0.0	0.0	0.0	0.0	0.0	0.0	0.0	0.0	0.0	0.0	0.0	0.0	0.0	0.0	0.0	0.0	0.0	0.0	0.0	0.0	0.0	0.0	0.0	0.0	0.0	160368.25824885396	0.0	0.0	0.0	4589.092858346686	89011.01404465774	13003.292152478007	2811.8310524717062	0.0	0.0	0.0	0.0	0.0	59827.337534643346	56818.29595513061	22248.589015975675	72869.43916424298	93722.06967882345	0.0	0.0	104221.42553956075	83412.27561942692	146296.4447717354	153694.6716134861	136772.22300343378	128115.50978380989	113324.35121517011	154547.9326528506	0.0	0.0	0.0	0.0	0.0	0.0	0.0	0.0	0.0	0.0	0.0	108228.31634054099	0.0	0.0	0.0	0.0	0.0	0.0	0.0	0.0	0.0	0.0	0.0	0.0	0.0	0.0	0.0	0.0	0.0	0.0	0.0	0.0	0.0	0.0
PRE3_10m_bin1	NA	0.0	0.0	0.0	0.0	0.0	0.0	0.0	0.0	0.0	0.0	0.0	3596.297774469816	0.0	0.0	0.0	0.0	0.0	0.0	0.0	0.0	0.0	0.0	0.0	0.0	0.0	0.0	0.0	0.0	0.0	19485.11954472877	0.0	0.0	0.0	0.0	0.0	0.0	0.0	0.0	0.0	0.0	0.0	0.0	0.0	0.0	0.0	0.0	0.0	0.0	0.0	0.0	0.0	0.0	0.0	0.0	0.0	0.0	0.0	0.0	0.0	0.0	0.0	0.0	0.0	0.0	0.0	0.0	0.0	0.0	0.0	0.0	0.0	0.0	0.0	0.0	0.0	0.0	0.0	0.0	0.0	0.0	0.0	0.0	0.0	0.0	0.0	0.0	0.0	0.0	0.0	0.0	0.0	73454.51012920939	0.0	0.0	0.0	0.0	40799.98949604825	0.0	0.0	0.0	0.0	0.0	0.0	0.0	0.0	0.0	13010.914159332253	61528.397162032255	77780.99061197507	0.0	0.0	82397.95191351295	66685.27413878341	0.0	0.0	106138.10687014292	96815.31607479573	88374.15404502548	0.0	0.0	0.0	0.0	0.0	0.0	0.0	0.0	0.0	0.0	0.0	0.0	85973.55814277194	0.0	0.0	0.0	0.0	0.0	0.0	0.0	0.0	0.0	0.0	0.0	0.0	0.0	0.0	0.0	0.0	0.0	0.0	0.0	0.0	0.0	0.0
SAMC021086	NA	0.0	0.0	0.0	0.0	0.0	0.0	0.0	0.0	0.0	0.0	0.0	0.0	0.0	0.0	0.0	0.0	0.0	0.0	0.0	0.0	0.0	0.0	0.0	0.0	0.0	0.0	0.0	0.0	0.0	0.0	0.0	0.0	0.0	0.0	0.0	0.0	0.0	0.0	0.0	0.0	0.0	0.0	0.0	0.0	0.0	0.0	0.0	0.0	0.0	0.0	0.0	0.0	0.0	0.0	0.0	0.0	0.0	0.0	0.0	0.0	6953.002074640472	0.0	0.0	0.0	0.0	0.0	0.0	0.0	0.0	0.0	0.0	0.0	0.0	0.0	0.0	0.0	0.0	0.0	0.0	0.0	0.0	0.0	0.0	0.0	0.0	0.0	0.0	0.0	0.0	0.0	0.0	0.0	0.0	0.0	0.0	0.0	0.0	0.0	0.0	0.0	0.0	0.0	0.0	0.0	0.0	0.0	0.0	0.0	0.0	0.0	0.0	0.0	0.0	0.0	0.0	0.0	0.0	0.0	0.0	0.0	0.0	26134.84516017758	28140.15943855368	0.0	0.0	0.0	0.0	0.0	36329.86807760567	49709.52604979316	0.0	0.0	0.0	0.0	44577.681342263364	0.0	0.0	0.0	0.0	0.0	0.0	0.0	0.0	0.0	0.0	17815.64691570678	10069.177870557975	0.0	16290.079125765766	0.0	0.0	0.0	0.0
SAMC021088	NA	0.0	0.0	0.0	0.0	0.0	0.0	0.0	0.0	0.0	0.0	0.0	0.0	0.0	0.0	64177.661020715386	0.0	0.0	93466.89531427367	0.0	116147.04400613683	0.0	0.0	67877.74556161236	0.0	0.0	0.0	0.0	58224.62724539291	0.0	0.0	0.0	0.0	0.0	0.0	0.0	0.0	0.0	0.0	0.0	48955.61103649102	50601.197798721616	0.0	0.0	0.0	109431.52229696502	115617.08046425995	119619.31497697986	0.0	100976.22146783686	0.0	0.0	0.0	73081.3438525848	79263.36237246692	0.0	0.0	0.0	0.0	46334.71237512467	50482.42374788162	88032.76706917392	0.0	55322.4694873116	54112.16864848711	0.0	53698.999281979115	84287.54993745021	0.0	0.0	160178.27090876462	83808.53350642213	96627.38471102194	0.0	0.0	0.0	0.0	0.0	0.0	0.0	0.0	0.0	0.0	0.0	0.0	0.0	0.0	0.0	0.0	0.0	48485.6383351394	82078.5745766661	0.0	0.0	0.0	60166.276195615756	58601.96027267731	0.0	0.0	63669.52565098025	0.0	0.0	0.0	0.0	64517.95431725649	0.0	0.0	26316.077770351767	16277.550029550132	13266.185423291394	0.0	0.0	0.0	11281.05671775901	0.0	0.0	0.0	0.0	0.0	0.0	86285.06208787733	34413.65390382896	186715.35774478604	188612.57624267502	91574.17199375921	34585.967886168604	0.0	70774.56748046495	38298.031936514955	193516.14992286608	122547.33957857263	0.0	0.0	0.0	197803.97107716708	126594.22224478709	0.0	0.0	143813.60466139726	36944.159034661294	362317.18030807487	0.0	0.0	115333.92009290944	29364.381947825	0.0	259119.4251170587	49299.834889505146	29797.157919998703	258618.4983394438	39485.60900240383	74528.23419592583	33605.17960227238	363305.6649381266
SAMC021089	NA	0.0	0.0	0.0	0.0	0.0	0.0	0.0	0.0	0.0	0.0	0.0	0.0	0.0	0.0	91495.07521140146	0.0	0.0	98324.17510084568	0.0	184746.01369052264	0.0	0.0	109198.43153083362	0.0	0.0	0.0	0.0	93218.63132031892	0.0	0.0	0.0	0.0	0.0	0.0	0.0	0.0	0.0	0.0	0.0	78356.60466640825	79415.50544616995	0.0	0.0	0.0	176986.79698226668	185873.3126220751	185285.1418199597	0.0	155520.1226764554	0.0	0.0	0.0	117140.48631141937	124352.18057920394	0.0	0.0	0.0	0.0	75160.24533160312	78684.43974690292	138023.67800969735	0.0	89354.75088158002	81933.84633908214	0.0	82687.18997138039	137006.7614202982	0.0	107111.125302768	85677.31973204236	133793.349470235	145668.01870596135	0.0	0.0	0.0	0.0	0.0	0.0	0.0	0.0	0.0	0.0	0.0	0.0	0.0	0.0	0.0	0.0	0.0	76741.26378029748	131046.97524711958	0.0	0.0	0.0	96346.8497937828	96331.7418721026	3246.9709498230113	0.0	99935.08170472142	0.0	0.0	0.0	0.0	103530.26472572109	0.0	0.0	42946.68601455946	26171.37257720784	17411.66070647999	62010.76716672818	0.0	0.0	19997.974686575624	0.0	0.0	0.0	0.0	0.0	0.0	148531.53897213342	63726.59526420481	307117.90333363693	312879.0497495046	160129.88272518216	59845.14063245654	1000000.0	127245.87616264196	63350.63821591767	329654.24558386096	202287.52502965476	0.0	0.0	0.0	316959.9034214688	211682.1914814703	0.0	0.0	248274.72052675908	59392.13405534315	588628.2620162119	0.0	0.0	151433.83567878007	50993.480554196685	0.0	419519.62850296305	80925.58916096431	52347.47623181161	429248.46561099205	61413.09730909181	128139.20372281842	58326.409175763816	597072.5733527971
SAMC021091	NA	0.0	0.0	0.0	0.0	0.0	0.0	0.0	0.0	0.0	0.0	0.0	0.0	0.0	0.0	0.0	0.0	0.0	0.0	0.0	0.0	0.0	0.0	0.0	0.0	0.0	0.0	0.0	0.0	0.0	0.0	0.0	0.0	0.0	0.0	0.0	0.0	0.0	0.0	0.0	0.0	0.0	0.0	0.0	0.0	0.0	0.0	0.0	0.0	0.0	0.0	0.0	0.0	0.0	0.0	0.0	0.0	0.0	0.0	0.0	0.0	2667.9903163729414	0.0	0.0	0.0	0.0	0.0	0.0	0.0	0.0	0.0	0.0	0.0	0.0	0.0	0.0	0.0	0.0	0.0	0.0	0.0	0.0	0.0	0.0	0.0	0.0	0.0	0.0	0.0	0.0	0.0	0.0	0.0	0.0	0.0	0.0	0.0	0.0	0.0	0.0	0.0	0.0	0.0	0.0	0.0	0.0	0.0	0.0	0.0	0.0	0.0	0.0	0.0	0.0	0.0	0.0	0.0	0.0	0.0	0.0	0.0	0.0	14135.842189936468	15080.080584795473	0.0	0.0	0.0	0.0	0.0	19773.952101507795	30809.4298506673	0.0	0.0	0.0	0.0	27048.06864927744	0.0	0.0	0.0	0.0	0.0	0.0	0.0	0.0	0.0	0.0	9993.648559224153	5450.4465267453925	0.0	8436.837711568542	0.0	0.0	0.0	0.0
SAMC021092	NA	0.0	0.0	0.0	0.0	0.0	0.0	0.0	0.0	0.0	0.0	0.0	0.0	0.0	0.0	0.0	0.0	0.0	0.0	0.0	0.0	0.0	0.0	0.0	0.0	0.0	0.0	0.0	0.0	0.0	0.0	0.0	0.0	0.0	0.0	0.0	0.0	0.0	0.0	0.0	0.0	0.0	0.0	0.0	0.0	0.0	0.0	0.0	0.0	0.0	0.0	0.0	0.0	0.0	0.0	0.0	0.0	0.0	0.0	0.0	0.0	8410.980581481734	0.0	0.0	0.0	0.0	0.0	0.0	0.0	0.0	0.0	0.0	0.0	0.0	0.0	0.0	0.0	0.0	0.0	0.0	0.0	0.0	0.0	0.0	0.0	0.0	0.0	0.0	0.0	0.0	0.0	0.0	0.0	0.0	0.0	0.0	0.0	0.0	0.0	0.0	0.0	0.0	0.0	0.0	0.0	0.0	0.0	0.0	0.0	0.0	0.0	0.0	0.0	0.0	0.0	0.0	0.0	0.0	0.0	0.0	0.0	0.0	20659.95091871393	21562.536571667843	0.0	0.0	0.0	0.0	0.0	25580.317589289283	31889.00022025108	0.0	0.0	0.0	0.0	28137.620281097017	0.0	0.0	0.0	0.0	0.0	0.0	0.0	0.0	0.0	0.0	20897.44657551747	7456.250190938421	0.0	20833.63872215633	0.0	0.0	0.0	0.0
SAMC021093	NA	0.0	0.0	0.0	0.0	0.0	0.0	0.0	0.0	0.0	0.0	0.0	0.0	0.0	0.0	0.0	0.0	0.0	0.0	0.0	0.0	0.0	0.0	0.0	0.0	0.0	0.0	0.0	0.0	0.0	0.0	0.0	0.0	0.0	0.0	0.0	0.0	0.0	0.0	0.0	0.0	0.0	0.0	0.0	0.0	0.0	0.0	0.0	0.0	0.0	0.0	0.0	0.0	0.0	0.0	0.0	0.0	0.0	0.0	0.0	0.0	44082.78875608457	0.0	0.0	0.0	0.0	0.0	0.0	0.0	0.0	0.0	0.0	0.0	0.0	0.0	0.0	0.0	0.0	0.0	0.0	0.0	0.0	0.0	0.0	0.0	0.0	0.0	0.0	0.0	0.0	0.0	0.0	0.0	0.0	0.0	0.0	0.0	0.0	0.0	0.0	0.0	0.0	0.0	0.0	0.0	0.0	0.0	0.0	0.0	0.0	0.0	0.0	0.0	0.0	0.0	0.0	0.0	0.0	0.0	0.0	0.0	0.0	167018.57222649685	145576.13367373342	0.0	0.0	0.0	0.0	0.0	72657.2339402131	59481.47530165821	0.0	0.0	0.0	0.0	45369.19482811356	0.0	0.0	0.0	0.0	0.0	0.0	0.0	0.0	0.0	0.0	49450.89414967999	71499.95785787962	0.0	28318.729567072332	0.0	0.0	0.0	0.0
SAMC021095	NA	0.0	0.0	0.0	0.0	0.0	0.0	0.0	0.0	0.0	0.0	0.0	0.0	0.0	0.0	0.0	0.0	0.0	0.0	0.0	0.0	0.0	0.0	0.0	0.0	0.0	0.0	0.0	0.0	0.0	0.0	0.0	0.0	0.0	0.0	0.0	0.0	0.0	0.0	0.0	0.0	0.0	0.0	0.0	0.0	0.0	0.0	0.0	0.0	0.0	0.0	0.0	0.0	0.0	0.0	0.0	0.0	0.0	0.0	0.0	0.0	21526.519914035787	0.0	0.0	0.0	0.0	0.0	0.0	0.0	0.0	0.0	0.0	0.0	0.0	0.0	0.0	0.0	0.0	0.0	0.0	0.0	0.0	0.0	0.0	0.0	0.0	0.0	0.0	0.0	0.0	0.0	0.0	0.0	0.0	0.0	0.0	0.0	0.0	0.0	0.0	0.0	0.0	0.0	0.0	0.0	0.0	0.0	0.0	0.0	0.0	0.0	0.0	0.0	0.0	0.0	0.0	0.0	0.0	0.0	0.0	0.0	0.0	58717.69913874986	56794.134293047464	0.0	0.0	0.0	0.0	0.0	53211.30295930362	44126.486327430044	0.0	0.0	0.0	0.0	41674.74065035939	0.0	0.0	0.0	0.0	0.0	0.0	0.0	0.0	0.0	0.0	53912.6457351523	19578.506279142017	0.0	51635.14580393235	0.0	0.0	0.0	0.0
SAMC021096	NA	0.0	0.0	0.0	0.0	0.0	0.0	0.0	0.0	0.0	0.0	0.0	0.0	0.0	0.0	0.0	0.0	0.0	0.0	0.0	0.0	0.0	0.0	0.0	0.0	0.0	0.0	0.0	0.0	0.0	0.0	0.0	0.0	0.0	0.0	0.0	0.0	0.0	0.0	0.0	0.0	0.0	0.0	0.0	0.0	0.0	0.0	0.0	0.0	0.0	0.0	0.0	0.0	0.0	0.0	0.0	0.0	0.0	0.0	0.0	0.0	2818.0510838357936	0.0	0.0	0.0	0.0	0.0	0.0	0.0	0.0	0.0	0.0	0.0	0.0	0.0	0.0	0.0	0.0	0.0	0.0	0.0	0.0	0.0	0.0	0.0	0.0	0.0	0.0	0.0	0.0	0.0	0.0	0.0	0.0	0.0	0.0	0.0	0.0	0.0	0.0	0.0	0.0	0.0	0.0	0.0	0.0	0.0	0.0	0.0	0.0	0.0	0.0	0.0	0.0	0.0	0.0	0.0	0.0	0.0	0.0	0.0	0.0	14996.049828680978	16044.109167612938	0.0	0.0	0.0	0.0	0.0	21025.90267296181	30773.725219244825	0.0	0.0	0.0	0.0	27203.429185301105	0.0	0.0	0.0	0.0	0.0	0.0	0.0	0.0	0.0	0.0	9525.276875912865	5213.174427881564	0.0	8500.171073988415	0.0	0.0	0.0	0.0
SAMC026834	NA	0.0	0.0	0.0	0.0	0.0	166179.7511021429	0.0	0.0	0.0	0.0	0.0	0.0	0.0	324161.2076982715	275837.7406887061	303349.582141743	304981.5337895953	244754.43572639092	0.0	239548.1785711134	0.0	0.0	235687.20962989287	0.0	0.0	10399.45982587202	0.0	239572.59559050025	0.0	0.0	0.0	0.0	0.0	0.0	0.0	0.0	5470.996624143008	0.0	0.0	224056.13159983585	218357.37996724667	0.0	0.0	0.0	235042.1326548623	224459.5762102981	222646.73130888268	0.0	230330.4233152473	0.0	0.0	0.0	235213.9336162936	228176.08919186154	0.0	0.0	0.0	0.0	231881.73360690568	224716.3126038845	250792.53233244043	0.0	232540.4461715093	242717.0758485837	0.0	244331.65334352097	226750.04993314814	309684.3333301677	212752.80899759234	236278.45533950324	238887.09180762077	234522.49923063314	0.0	0.0	0.0	0.0	0.0	0.0	0.0	0.0	0.0	0.0	0.0	0.0	0.0	0.0	0.0	0.0	0.0	230954.08723418188	258202.91727970628	0.0	0.0	0.0	242356.26524190276	230870.0787129456	5732.882754458578	2599.838352922313	228602.12952445034	0.0	6062.158101907833	0.0	0.0	239148.36488191914	0.0	0.0	118755.16406893136	115117.18998670674	65300.208080714656	202478.95659681616	0.0	25411.113439107543	77769.56668708322	14540.758256392408	0.0	6010.972543397503	0.0	5674.134183922382	0.0	280778.61636137374	261577.148144704	43539.58328471251	45354.86668707112	289755.0552843062	266862.6575936718	0.0	280651.7543700028	245449.13413730674	48000.603732608724	115879.40982123611	0.0	189184.5373189946	434494.6781204011	265323.25982640026	131903.625652244	49834.39716147272	132208.48658629935	249892.44020755938	254441.4061436958	36726.02782872872	214542.8375214683	104990.06638437715	306584.7399541263	247648.75257661534	316105.93749800033	28891.230805365536	279462.49732334306	231407.35223188312	39903.105939233435	264741.09088545403	313235.5373668018	266552.11873976415	39621.76170907637
SAMC026836	NA	0.0	0.0	0.0	0.0	0.0	0.0	0.0	0.0	0.0	0.0	0.0	0.0	0.0	0.0	0.0	0.0	0.0	0.0	0.0	0.0	0.0	0.0	0.0	0.0	0.0	0.0	0.0	0.0	0.0	0.0	0.0	0.0	0.0	0.0	0.0	0.0	0.0	0.0	0.0	0.0	0.0	0.0	0.0	0.0	0.0	0.0	0.0	0.0	0.0	0.0	0.0	0.0	0.0	0.0	0.0	0.0	0.0	0.0	0.0	0.0	7863.639571681402	0.0	0.0	0.0	0.0	0.0	0.0	0.0	0.0	0.0	0.0	0.0	0.0	0.0	0.0	0.0	0.0	0.0	0.0	0.0	0.0	0.0	0.0	0.0	0.0	0.0	0.0	0.0	0.0	0.0	0.0	0.0	0.0	0.0	0.0	0.0	0.0	0.0	0.0	0.0	0.0	0.0	0.0	0.0	0.0	0.0	0.0	0.0	16691.826963982396	0.0	0.0	0.0	0.0	0.0	0.0	0.0	0.0	0.0	0.0	0.0	0.0	45443.08744685555	47753.8567917502	0.0	0.0	0.0	0.0	0.0	61340.77743168469	85810.13867172883	0.0	0.0	0.0	0.0	77034.60761871333	0.0	0.0	0.0	0.0	0.0	0.0	0.0	0.0	0.0	0.0	29565.76473223388	15665.33947181114	0.0	25190.01918734066	0.0	0.0	0.0	0.0
ST1	NA	0.0	0.0	0.0	0.0	0.0	0.0	0.0	0.0	0.0	0.0	0.0	0.0	0.0	0.0	0.0	0.0	0.0	0.0	0.0	0.0	0.0	0.0	0.0	0.0	0.0	0.0	0.0	0.0	0.0	0.0	0.0	0.0	0.0	0.0	0.0	0.0	0.0	0.0	0.0	0.0	0.0	0.0	0.0	0.0	0.0	0.0	0.0	0.0	0.0	0.0	0.0	0.0	0.0	0.0	0.0	0.0	0.0	0.0	0.0	0.0	0.0	0.0	0.0	0.0	0.0	0.0	0.0	0.0	0.0	0.0	0.0	0.0	0.0	0.0	0.0	0.0	0.0	0.0	0.0	0.0	0.0	0.0	0.0	0.0	0.0	0.0	0.0	0.0	0.0	0.0	0.0	0.0	0.0	0.0	0.0	0.0	0.0	0.0	0.0	0.0	0.0	0.0	0.0	0.0	0.0	0.0	0.0	0.0	0.0	0.0	0.0	0.0	0.0	0.0	0.0	0.0	0.0	0.0	0.0	0.0	0.0	0.0	0.0	0.0	0.0	0.0	0.0	0.0	0.0	0.0	0.0	0.0	0.0	0.0	0.0	0.0	0.0	0.0	0.0	0.0	0.0	0.0	0.0	0.0	0.0	0.0	0.0	0.0	0.0	0.0	0.0	0.0	0.0
ST2	NA	0.0	0.0	0.0	0.0	0.0	0.0	0.0	0.0	0.0	0.0	0.0	0.0	0.0	0.0	0.0	0.0	0.0	0.0	0.0	0.0	0.0	0.0	0.0	0.0	0.0	0.0	0.0	0.0	0.0	0.0	0.0	0.0	0.0	0.0	0.0	0.0	0.0	0.0	0.0	0.0	0.0	0.0	0.0	0.0	0.0	0.0	0.0	0.0	0.0	0.0	0.0	0.0	0.0	0.0	0.0	0.0	0.0	0.0	0.0	0.0	0.0	0.0	0.0	0.0	0.0	0.0	0.0	0.0	0.0	0.0	0.0	0.0	0.0	0.0	0.0	0.0	0.0	0.0	0.0	0.0	0.0	0.0	0.0	0.0	0.0	0.0	0.0	0.0	0.0	0.0	0.0	0.0	0.0	0.0	0.0	0.0	0.0	0.0	0.0	0.0	0.0	0.0	0.0	0.0	0.0	0.0	0.0	0.0	0.0	0.0	0.0	0.0	0.0	0.0	0.0	0.0	0.0	0.0	0.0	0.0	0.0	0.0	0.0	0.0	0.0	0.0	0.0	0.0	0.0	0.0	0.0	0.0	0.0	0.0	0.0	0.0	0.0	0.0	0.0	0.0	0.0	0.0	0.0	0.0	0.0	0.0	0.0	0.0	0.0	0.0	0.0	0.0	0.0
ST3	NA	0.0	0.0	0.0	0.0	0.0	0.0	0.0	0.0	0.0	0.0	0.0	0.0	0.0	0.0	0.0	0.0	0.0	0.0	0.0	0.0	0.0	0.0	0.0	0.0	0.0	0.0	0.0	0.0	0.0	0.0	0.0	0.0	0.0	0.0	0.0	0.0	0.0	0.0	0.0	0.0	0.0	0.0	0.0	0.0	0.0	0.0	0.0	0.0	0.0	0.0	0.0	0.0	0.0	0.0	0.0	0.0	0.0	0.0	0.0	0.0	0.0	0.0	0.0	0.0	0.0	0.0	0.0	0.0	0.0	0.0	0.0	0.0	0.0	0.0	0.0	0.0	0.0	0.0	0.0	0.0	0.0	0.0	0.0	0.0	0.0	0.0	0.0	0.0	0.0	0.0	0.0	0.0	0.0	0.0	0.0	0.0	0.0	0.0	0.0	0.0	0.0	0.0	0.0	0.0	0.0	0.0	0.0	0.0	0.0	0.0	0.0	0.0	0.0	0.0	0.0	0.0	0.0	0.0	0.0	0.0	0.0	0.0	0.0	0.0	0.0	0.0	0.0	0.0	0.0	0.0	0.0	0.0	0.0	0.0	0.0	0.0	0.0	0.0	0.0	0.0	0.0	0.0	0.0	0.0	0.0	0.0	0.0	0.0	0.0	0.0	0.0	0.0	0.0
