Genome_ID	OSD1	OSD124	OSD65	OSD71	OSD95	TARA_004_40m_0.22-1.6_prok	TARA_004_5m_0.22-1.6_prok	TARA_007_42m_0.22-1.6_girus	TARA_007_5m_0.22-1.6_girus	TARA_009_55m_0.22-1.6_girus	TARA_018_5m_0.22-1.6_prok	TARA_023_55m_0.22-1.6_prok	TARA_023_5m_0.22-1.6_prok	TARA_025_50m_0.22-1.6_prok	TARA_031_5m_0.22-1.6_prok	TARA_032_5m_0.22-1.6_prok	TARA_032_80m_0.22-1.6_prok	TARA_033_5m_0.22-1.6_prok	TARA_034_5m_0.1-0.22_girus	TARA_034_5m_0.22-1.6_prok	TARA_034_60m_0.22-1.6_prok	TARA_036_17m_0.22-1.6_prok	TARA_037_600m_0.1-0.22_girus	TARA_038_340m_0.1-0.22_girus	TARA_039_270m_0.1-0.22_girus	TARA_039_270m_0.22-1.6_prok	TARA_042_80m_0.22-1.6_prok	TARA_056_1000m_0.22-3_prok	TARA_056_5m_0.22-3_prok	TARA_057_5m_0.22-3_prok	TARA_058_66m_0.22-3_prok	TARA_062_5m_0.22-3_prok	TARA_064_1000m_0.22-3_prok	TARA_064_5m_0.22-3_prok	TARA_064_65m_0.22-3_prok	TARA_065_30m_0.22-3_prok	TARA_065_5m_0.22-3_prok	TARA_065_850m_0.22-3_prok	TARA_066_30m_0.22-3_prok	TARA_066_5m_0.22-3_prok	TARA_067_5m_0.22-0.45_girus	TARA_067_5m_0.22-3_prok	TARA_067_5m_0.45-0.8_girus	TARA_068_50m_0.22-0.45_girus	TARA_068_50m_0.22-3_prok	TARA_068_50m_0.45-0.8_girus	TARA_068_5m_0.22-0.45_girus	TARA_068_5m_0.22-3_prok	TARA_068_5m_0.45-0.8_girus	TARA_068_700m_0.22-3_prok	TARA_068_700m_0.45-0.8_girus	TARA_070_5m_0.22-0.45_girus	TARA_070_5m_0.22-3_prok	TARA_070_5m_0.45-0.8_girus	TARA_070_800m_0.22-0.45_girus	TARA_070_800m_0.22-3_prok	TARA_070_800m_0.45-0.8_girus	TARA_072_100m_0.22-3_prok	TARA_072_800m_0.22-3_prok	TARA_076_150m_0.22-0.45_girus	TARA_076_150m_0.22-3_prok	TARA_076_150m_0.45-0.8_girus	TARA_076_800m_0.22-3_prok	TARA_076_800m_0.45-0.8_girus	TARA_078_120m_0.22-0.45_girus	TARA_078_120m_0.22-3_prok	TARA_078_120m_0.45-0.8_girus	TARA_078_5m_0.22-0.45_girus	TARA_078_800m_0.22-3_prok	TARA_078_800m_0.45-0.8_girus	TARA_085_790m_0.22-3_prok	TARA_098_188m_0.22-3_prok	TARA_098_488m_0.22-3_prok	TARA_110_380m_0.22-3_prok	TARA_110_50m_0.22-3_prok	TARA_111_350m_0.22-3_prok	TARA_112_696m_0.22-3_prok	TARA_122_115m_0.1-0.22_girus	TARA_122_115m_0.22-0.45_girus	TARA_122_600m_0.1-0.22_girus	TARA_122_600m_0.22-0.45_girus	TARA_122_600m_0.45-0.8_girus	TARA_123_150m_0.1-0.22_girus	TARA_123_150m_0.22-0.45_girus	TARA_123_150m_0.45-0.8_girus	TARA_123_5m_0.22-0.45_girus	TARA_123_5m_0.45-0.8_girus	TARA_124_120m_0.1-0.22_girus	TARA_124_120m_0.22-0.45_girus	TARA_124_120m_0.45-0.8_girus	TARA_124_5m_0.22-0.45_girus	TARA_124_5m_0.45-0.8_girus	TARA_125_140m_0.1-0.22_girus	TARA_125_140m_0.22-0.45_girus	TARA_125_5m_0.22-0.45_girus	TARA_125_5m_0.45-0.8_girus	TARA_128_40m_0.22-3_prok	TARA_128_5m_0.22-3_prok	TARA_132_115m_0.22-3_prok	TARA_132_550m_0.22-3_prok	TARA_133_650m_0.22-3_prok	TARA_141_5m_0.22-3_prok	TARA_142_125m_0.22-3_prok	TARA_142_5m_0.22-3_prok	TARA_142_640m_0.22-3_prok	TARA_145_590m_0.22-3_prok	TARA_145_5m_0.22-3_prok	TARA_146_5m_0.22-3_prok	TARA_146_640m_0.22-3_prok	TARA_150_40m_0.22-3_prok	TARA_151_80m_0.22-3_prok	TARA_152_5-160m_0.22-3_prok	TARA_152_5m_0.22-3_prok	TARA_152_800m_0.22-3_prok	TARA_155_40m_0.22-3_prok	TARA_155_5m_0.22-3_prok	TARA_155_751m_0.22-3_prok	TARA_158_651m_0.22-3_prok	TARA_163_499m_0.22-3_prok	TARA_163_5m_0.22-3_prok	TARA_168_10-100m_0.22-3_prok	TARA_173_35m_0.22-3_prok	TARA_175_10-100m_0.22-3_prok	TARA_175_199m_0.22-3_prok	TARA_188_17m_0.22-3_prok	TARA_189_299m_0.22-3_prok	TARA_201_441m_0.22-3_prok	TARA_205_491m_0.22-3_prok	TARA_206_411m_0.22-3_prok	TARA_209_351m_0.22-3_prok	TARA_209_5m_0.22-3_prok	TARA_210_391m_0.22-3_prok	TARA_210_5m_0.22-3_prok	A3-09-1000m-34An	A3-09-300m-34An	A3-09-3500m-34An	A4-07-0m-34An	A4-07-1000m-34An	A4-07-3000m-34An	A5-10-0m-34An	A5-10-1000m-34An	A5-10-300m-34An	A5-10-3500m-34An	AT04-0m-8Ar	AT04-3000m-8Ar	AT04-300m-8Ar	B08-1000m-8Ar	B08-3200m-8Ar	BB08-0m-8Ar	BB08-300m-8Ar	BB08-3300m-8Ar	ICE04-1000m-9Ar	ICE04-100m-9Ar	ICE04-2280m-9Ar	LB01-1000m-8Ar	LB01-300m-8Ar	N02-1500m-8Ar	N02-500m-8Ar	N04-300m-8Ar	N04-3800m-8Ar	N07-1000m-8Ar	N07-300m-8Ar	N07-3800m-8Ar	P06-300m-8Ar	R16E-1000m-9Ar	R16E-300m-9Ar	R16E-3236m-9Ar
F8_1	0.0	0.0	0.0	0.0	0.0	0.0	0.0	0.0	0.0	0.0	0.0	0.0	0.0	0.0	0.0	0.0	0.0	0.0	0.0	0.0	0.0	0.0	0.0	0.0	0.0	0.0	0.0	0.0	0.0	0.0	0.0	0.0	0.0	0.0	0.0	0.0	0.0	0.0	0.0	0.0	0.0	0.0	0.0	0.0	0.0	0.0	0.0	0.0	0.0	0.0	0.0	0.0	0.0	0.0	0.0	0.0	0.0	0.0	0.0	0.0	0.0	0.0	0.0	0.0	0.0	0.0	0.0	0.0	0.0	0.0	2.7777739130434784	0.0	0.0	0.0	0.0	0.0	0.0	0.0	0.0	0.0	0.0	0.0	0.0	0.0	0.0	0.0	0.0	0.0	0.0	0.0	0.0	0.0	0.0	0.0	0.0	0.0	0.0	0.0	0.0	0.0	0.0	0.0	0.0	0.0	0.0	0.0	0.0	0.0	0.0	0.0	0.0	0.0	0.0	0.0	0.0	0.0	0.0	0.0	0.0	0.0	0.0	0.0	0.0	0.0	0.0	0.0	0.0	0.0	0.0	0.0	0.0	0.0	0.0	0.0	0.0	5.4983956521739135	7.02558115942029	0.0	0.0	0.0	0.0	0.0	21.20597536231884	11.835828985507247	0.0	0.0	0.0	0.0	9.740363768115945	0.0	0.0	0.0	0.0	0.0	0.0	0.0	0.0	0.0	0.0	4.356385507246377	3.63108115942029	0.0	5.338179710144927	0.0	0.0	0.0	0.0
F8_2	0.0	0.0	0.0	0.0	0.0	0.0	0.0	0.0	0.0	0.0	0.0	0.0	0.0	0.0	0.0	0.0	0.0	0.0	0.0	0.0	0.0	0.0	0.0	0.0	0.0	0.0	0.0	0.0	0.0	0.0	0.0	0.0	0.0	0.0	0.0	0.0	0.0	0.0	0.0	0.0	0.0	0.0	0.0	0.0	0.0	0.0	0.0	0.0	0.0	0.0	0.0	0.0	0.0	0.0	0.0	0.0	0.0	0.0	0.0	0.0	0.0	0.0	0.0	0.0	0.0	0.0	0.0	0.0	0.0	0.0	2.552622058823529	0.0	0.0	0.0	0.0	0.0	0.0	0.0	0.0	0.0	0.0	0.0	0.0	0.0	0.0	0.0	0.0	0.0	0.0	0.0	0.0	0.0	0.0	0.0	0.0	0.0	0.0	0.0	0.0	0.0	0.0	0.0	0.0	0.0	0.0	0.0	0.0	0.0	0.0	0.0	0.0	0.0	0.0	0.0	0.0	0.0	0.0	0.0	0.0	0.0	0.0	0.0	0.0	0.0	0.0	0.0	0.0	0.0	0.0	0.0	0.0	0.0	0.0	0.0	0.0	4.564960294117646	5.847530882352941	0.0	0.0	0.0	0.0	0.0	17.252186764705886	9.72929411764706	0.0	0.0	0.0	0.0	7.978902941176472	0.0	0.0	0.0	0.0	0.0	0.0	0.0	0.0	0.0	0.0	3.799320588235294	3.0209073529411765	0.0	4.701098529411765	0.0	0.0	0.0	0.0
GCA_000200715.1	0.0	0.0	0.0	0.0	0.0	0.0	0.0	0.0	0.0	0.0	0.0	0.0	0.0	0.0	0.0	0.0	0.0	0.0	0.0	0.0	0.0	0.0	0.0	0.0	0.0	0.0	0.0	0.0	0.0	0.0	0.0	0.0	0.0	0.0	0.0	0.0	0.0	0.0	0.0	0.0	0.0	0.0	0.0	0.0	0.0	0.0	0.0	0.0	0.0	0.0	0.0	0.0	0.0	0.0	0.0	0.0	0.0	0.0	0.0	0.0	0.0	0.0	0.0	0.0	0.0	0.0	0.0	0.0	0.0	0.0	0.0	0.0	0.0	0.0	0.0	0.0	0.0	0.0	0.0	0.0	0.0	0.0	0.0	0.0	0.0	0.0	0.0	0.0	0.0	0.0	0.0	0.0	0.0	0.0	0.0	0.0	0.0	0.0	0.0	0.0	0.0	0.0	0.0	0.0	0.0	0.0	0.0	0.0	0.0	0.0	0.0	0.0	0.0	0.0	0.0	0.0	0.0	0.0	0.0	0.0	0.0	0.0	0.0	0.0	0.0	0.0	0.0	0.0	0.0	0.0	0.0	0.0	0.0	0.0	0.0	0.0	0.0	0.0	0.0	0.0	0.0	0.0	0.0	0.0	0.0	0.0	0.0	0.0	0.0	0.0	0.0	0.0	0.0	0.0	0.0	0.0	0.0	0.0	0.0	0.0	0.0	0.0	0.0	0.0	0.0	0.0	0.0
GCA_000204585.1	0.0	0.0	0.0	0.0	0.0	0.0	0.0	0.0	0.0	0.0	0.0	0.0	0.0	0.0	0.0	0.0	0.0	0.0	0.0	0.0	0.0	0.0	0.0	0.0	0.0	0.0	0.0	0.0	0.0	0.0	0.0	0.0	0.0	0.0	0.0	0.0	0.0	0.0	0.0	0.0	0.0	0.0	0.0	0.0	0.0	0.0	0.0	0.0	0.0	0.0	0.0	0.0	0.0	0.0	0.0	0.0	0.0	0.0	0.0	0.0	0.0	0.0	0.0	0.0	0.0	0.0	0.0	0.0	0.0	0.0	0.0	0.0	0.0	0.0	0.0	0.0	0.0	0.0	0.0	0.0	0.0	0.0	0.0	0.0	0.0	0.0	0.0	0.0	0.0	0.0	0.0	0.0	0.0	0.0	0.0	0.0	0.0	0.0	0.0	0.0	0.0	0.0	0.0	0.0	0.0	0.0	0.0	0.0	0.0	0.0	0.0	0.0	0.0	0.0	0.0	0.0	0.0	0.0	0.0	0.0	0.0	0.0	0.0	0.0	0.0	0.0	0.0	0.0	0.0	0.0	0.0	0.0	0.0	0.0	0.0	0.0	0.0	0.0	0.0	0.0	0.0	0.0	0.0	0.0	0.0	0.0	0.0	0.0	0.0	0.0	0.0	0.0	0.0	0.0	0.0	0.0	0.0	0.0	0.0	0.0	0.0	0.0	0.0	0.0	0.0	0.0	0.0
GCA_002494485.1	0.0	0.0	0.0	0.0	0.0	0.0	0.0	0.0	0.0	0.0	0.0	0.0	0.0	0.0	0.0	0.0	0.0	0.0	0.0	0.0	0.0	0.0	0.0	0.0	0.0	0.0	0.0	2.356980666666667	0.0	0.0	0.0	0.0	0.0	0.0	0.0	0.0	0.0	0.0	0.0	0.0	0.0	0.0	0.0	0.0	0.0	0.0	0.0	0.0	0.0	0.0	0.0	0.0	0.0	0.0	0.0	6.2452293333333335	8.947098666666667	0.0	2.6118759999999996	0.0	0.0	0.0	3.698059333333333	2.19647	0.0	0.0	0.0	0.0	0.0	0.0	0.0	0.0	0.0	0.0	0.0	0.0	3.0860513333333333	0.0	0.0	0.0	0.0	0.0	0.0	0.0	0.0	0.0	0.0	0.0	0.0	0.0	0.0	0.0	0.0	0.0	0.0	0.0	0.0	0.0	0.0	0.0	0.0	0.0	0.0	0.0	0.0	0.0	0.0	0.0	1.570384	0.0	0.0	0.0	0.0	0.0	0.0	0.0	0.0	0.0	0.0	0.0	0.0	0.0	0.0	0.0	0.0	0.0	0.0	0.0	0.0	0.0	0.0	0.0	0.0	0.0	0.0	0.0	0.0	0.0	0.0	0.0	0.0	0.0	0.0	0.0	0.0	0.0	0.0	0.0	0.0	0.0	0.0	0.0	0.0	0.0	0.0	0.0	0.0	0.0	0.0	0.0	0.0	0.0	0.0	0.0	0.0	0.0	0.0
GCA_002713325.1	0.0	0.0	0.0	0.0	0.0	0.0	0.0	0.0	0.0	0.0	0.0	0.0	0.0	0.0	0.0	0.0	0.0	0.0	0.0	0.0	0.0	0.0	0.0	0.0	0.0	0.0	0.0	4.022441509433962	0.0	0.0	0.0	0.0	0.0	0.0	0.0	0.0	0.0	0.0	0.0	0.0	0.0	0.0	0.0	0.0	0.0	0.0	0.0	0.0	0.0	0.0	0.0	0.0	0.0	0.0	0.0	7.101666037735848	8.4849	0.0	2.4292433962264157	0.0	0.0	0.0	4.200632075471698	2.7024943396226417	0.0	0.0	0.0	0.0	0.0	0.0	0.0	0.0	0.0	0.0	0.0	0.0	3.0687792452830185	0.0	0.0	0.0	0.0	0.0	0.0	0.0	0.0	0.0	0.0	0.0	0.0	0.0	0.0	0.0	0.0	0.0	0.0	0.0	0.0	0.0	0.0	0.0	0.0	0.0	0.0	0.0	0.0	0.0	0.0	0.0	1.9281169811320755	0.0	0.0	0.0	0.0	0.0	0.0	0.0	0.0	0.0	0.0	0.0	0.0	0.0	0.0	0.0	0.0	0.0	0.0	0.0	0.0	0.0	0.0	0.0	0.0	0.0	0.0	0.0	0.0	0.0	0.0	0.0	0.0	0.0	0.0	0.0	0.0	0.0	0.0	0.0	0.0	0.0	0.0	0.0	0.0	0.0	0.0	0.0	0.0	0.0	0.0	0.0	0.0	0.0	0.0	0.0	0.0	0.0	0.0
GCA_014066365.1	0.0	0.0	0.0	0.0	0.0	0.0	0.0	0.0	0.0	0.0	0.0	0.0	0.0	0.0	0.0	0.0	0.0	0.0	0.0	0.0	0.0	0.0	0.0	0.0	0.0	0.0	0.0	0.0	0.0	0.0	0.0	0.0	0.0	0.0	0.0	0.0	0.0	0.0	0.0	0.0	0.0	0.0	0.0	0.0	0.0	0.0	0.0	0.0	0.0	0.0	0.0	0.0	0.0	0.0	0.0	0.0	0.0	0.0	0.0	0.0	0.0	0.0	0.0	0.0	0.0	0.0	0.0	0.0	0.0	0.0	24.224125543478266	0.0	0.0	0.0	0.0	0.0	0.0	0.0	0.0	0.0	0.0	0.0	0.0	0.0	0.0	0.0	0.0	0.0	0.0	0.0	0.0	0.0	0.0	0.0	0.0	0.0	0.0	0.0	0.0	0.0	0.0	0.0	0.0	0.0	0.0	0.0	0.0	0.0	0.0	0.0	0.0	0.0	0.0	0.0	0.0	0.0	0.0	0.0	0.0	0.0	0.0	0.0	0.0	0.0	0.0	0.0	0.0	0.0	0.0	0.0	0.0	0.0	0.0	0.0	0.0	15.711997282608696	20.00604402173913	0.0	0.0	0.0	0.0	0.0	50.02704510869565	15.946667934782608	0.0	0.0	0.0	0.0	15.880513043478262	0.0	0.0	0.0	0.0	0.0	0.0	0.0	0.0	0.0	0.0	21.771214673913043	12.110515760869564	0.0	30.15281684782609	0.0	0.0	0.0	0.0
GCF_000018465.1	0.0	0.0	0.0	0.0	0.0	0.0	0.0	0.0	0.0	0.0	0.0	0.0	0.0	0.0	0.0	0.0	0.0	0.0	0.0	0.0	0.0	0.0	0.0	0.0	0.0	0.0	0.0	0.0	0.0	0.0	0.0	0.0	0.0	0.0	0.0	0.0	0.0	0.0	0.0	0.0	0.0	0.0	0.0	0.0	0.0	0.0	0.0	0.0	0.0	0.0	0.0	0.0	0.0	0.0	0.0	0.0	0.0	0.0	0.0	0.0	0.0	0.0	0.0	0.0	0.0	0.0	0.0	0.0	0.0	0.0	0.0	0.0	0.0	0.0	0.0	0.0	0.0	0.0	0.0	0.0	0.0	0.0	0.0	0.0	0.0	0.0	0.0	0.0	0.0	0.0	0.0	0.0	0.0	0.0	0.0	0.0	0.0	0.0	0.0	0.0	0.0	0.0	0.0	0.0	0.0	0.0	0.0	0.0	0.0	0.0	0.0	0.0	0.0	0.0	0.0	0.0	0.0	0.0	0.0	0.0	0.0	0.0	0.0	0.0	0.0	0.0	0.0	0.0	0.0	0.0	0.0	0.0	0.0	0.0	0.0	0.0	0.0	0.0	0.0	0.0	0.0	0.0	0.0	0.0	0.0	0.0	0.0	0.0	0.0	0.0	0.0	0.0	0.0	0.0	0.0	0.0	0.0	0.0	0.0	0.0	0.0	0.0	0.0	0.0	0.0	0.0	0.0
GCF_000220175.1	0.0	0.0	0.0	0.0	0.0	0.0	0.0	0.0	0.0	0.0	0.0	0.0	0.0	0.0	0.0	0.0	0.0	0.0	0.0	0.0	0.0	0.0	0.0	0.0	0.0	0.0	0.0	0.0	0.0	0.0	0.0	0.0	0.0	0.0	0.0	0.0	0.0	0.0	0.0	0.0	0.0	0.0	0.0	0.0	0.0	0.0	0.0	0.0	0.0	0.0	0.0	0.0	0.0	0.0	0.0	0.0	0.0	0.0	0.0	0.0	0.0	0.0	0.0	0.0	0.0	0.0	0.0	0.0	0.0	0.0	0.0	0.0	0.0	0.0	0.0	0.0	0.0	0.0	0.0	0.0	0.0	0.0	0.0	0.0	0.0	0.0	0.0	0.0	0.0	0.0	0.0	0.0	0.0	0.0	0.0	0.0	0.0	0.0	0.0	0.0	0.0	0.0	0.0	0.0	0.0	0.0	0.0	0.0	0.0	0.0	0.0	0.0	0.0	0.0	0.0	0.0	0.0	0.0	0.0	0.0	0.0	0.0	0.0	0.0	0.0	0.0	0.0	0.0	0.0	0.0	0.0	0.0	0.0	0.0	0.0	0.0	0.0	0.0	0.0	0.0	0.0	0.0	0.0	0.0	0.0	0.0	0.0	0.0	0.0	0.0	0.0	0.0	0.0	0.0	0.0	0.0	0.0	0.0	0.0	0.0	0.0	0.0	0.0	0.0	0.0	0.0	0.0
GCF_000241145.1	0.0	0.0	0.0	0.0	0.0	0.0	0.0	0.0	0.0	0.0	0.0	0.0	0.0	0.0	0.0	0.0	0.0	0.0	0.0	0.0	0.0	0.0	0.0	0.0	0.0	0.0	0.0	0.0	0.0	0.0	0.0	0.0	0.0	0.0	0.0	0.0	0.0	0.0	0.0	0.0	0.0	0.0	0.0	0.0	0.0	0.0	0.0	0.0	0.0	0.0	0.0	0.0	0.0	0.0	0.0	0.0	0.0	0.0	0.0	0.0	0.0	0.0	0.0	0.0	0.0	0.0	0.0	0.0	0.0	0.0	0.0	0.0	0.0	0.0	0.0	0.0	0.0	0.0	0.0	0.0	0.0	0.0	0.0	0.0	0.0	0.0	0.0	0.0	0.0	0.0	0.0	0.0	0.0	0.0	0.0	0.0	0.0	0.0	0.0	0.0	0.0	0.0	0.0	0.0	0.0	0.0	0.0	0.0	0.0	0.0	0.0	0.0	0.0	0.0	0.0	0.0	0.0	0.0	0.0	0.0	0.0	0.0	0.0	0.0	0.0	0.0	0.0	0.0	0.0	0.0	0.0	0.0	0.0	0.0	0.0	0.0	0.0	0.0	0.0	0.0	0.0	0.0	0.0	0.0	0.0	0.0	0.0	0.0	0.0	0.0	0.0	0.0	0.0	0.0	0.0	0.0	0.0	0.0	0.0	0.0	0.0	0.0	0.0	0.0	0.0	0.0	0.0
GCF_000242875.2	0.0	0.0	0.0	0.0	0.0	0.0	0.0	0.0	0.0	0.0	0.0	0.0	0.0	0.0	0.0	0.0	0.0	0.0	0.0	0.0	0.0	0.0	0.0	0.0	0.0	0.0	0.0	0.0	0.0	0.0	0.0	0.0	0.0	0.0	0.0	0.0	0.0	0.0	0.0	0.0	0.0	0.0	0.0	0.0	0.0	0.0	0.0	0.0	0.0	0.0	0.0	0.0	0.0	0.0	0.0	0.0	0.0	0.0	0.0	0.0	0.0	0.0	0.0	0.0	0.0	0.0	0.0	0.0	0.0	0.0	0.0	0.0	0.0	0.0	0.0	0.0	0.0	0.0	0.0	0.0	0.0	0.0	0.0	0.0	0.0	0.0	0.0	0.0	0.0	0.0	0.0	0.0	0.0	0.0	0.0	0.0	0.0	0.0	0.0	0.0	0.0	0.0	0.0	0.0	0.0	0.0	0.0	0.0	0.0	0.0	0.0	0.0	0.0	0.0	0.0	0.0	0.0	0.0	0.0	0.0	0.0	0.0	0.0	0.0	0.0	0.0	0.0	0.0	0.0	0.0	0.0	0.0	0.0	0.0	0.0	0.0	0.0	0.0	0.0	0.0	0.0	0.0	0.0	0.0	0.0	0.0	0.0	0.0	0.0	0.0	0.0	0.0	0.0	0.0	0.0	0.0	0.0	0.0	0.0	0.0	0.0	0.0	0.0	0.0	0.0	0.0	0.0
GCF_000299365.1	0.0	0.0	0.0	0.0	0.0	0.0	0.0	0.0	0.0	0.0	0.0	0.0	0.0	0.0	0.0	0.0	0.0	0.0	0.0	0.0	0.0	0.0	0.0	0.0	0.0	0.0	0.0	0.0	0.0	0.0	0.0	0.0	0.0	0.0	0.0	0.0	0.0	0.0	0.0	0.0	0.0	0.0	0.0	0.0	0.0	0.0	0.0	0.0	0.0	0.0	0.0	0.0	0.0	0.0	0.0	0.0	0.0	0.0	0.0	0.0	0.0	0.0	0.0	0.0	0.0	0.0	0.0	0.0	0.0	0.0	0.0	0.0	0.0	0.0	0.0	0.0	0.0	0.0	0.0	0.0	0.0	0.0	0.0	0.0	0.0	0.0	0.0	0.0	0.0	0.0	0.0	0.0	0.0	0.0	0.0	0.0	0.0	0.0	0.0	0.0	0.0	0.0	0.0	0.0	0.0	0.0	0.0	0.0	0.0	0.0	0.0	0.0	0.0	0.0	0.0	0.0	0.0	0.0	0.0	0.0	0.0	0.0	0.0	0.0	0.0	0.0	0.0	0.0	0.0	0.0	0.0	0.0	0.0	0.0	0.0	0.0	0.0	0.0	0.0	0.0	0.0	0.0	0.0	0.0	0.0	0.0	0.0	0.0	0.0	0.0	0.0	0.0	0.0	0.0	0.0	0.0	0.0	0.0	0.0	0.0	0.0	0.0	0.0	0.0	0.0	0.0	0.0
GCF_000299395.1	0.0	0.0	0.0	0.0	0.0	0.0	0.0	0.0	0.0	0.0	0.0	0.0	0.0	0.0	0.0	0.0	0.0	0.0	0.0	0.0	0.0	0.0	0.0	0.0	0.0	0.0	0.0	0.0	0.0	0.0	0.0	0.0	0.0	0.0	0.0	0.0	0.0	0.0	0.0	0.0	0.0	0.0	0.0	0.0	0.0	0.0	0.0	0.0	0.0	0.0	0.0	0.0	0.0	0.0	0.0	0.0	0.0	0.0	0.0	0.0	0.0	0.0	0.0	0.0	0.0	0.0	0.0	0.0	0.0	0.0	0.0	0.0	0.0	0.0	0.0	0.0	0.0	0.0	0.0	0.0	0.0	0.0	0.0	0.0	0.0	0.0	0.0	0.0	0.0	0.0	0.0	0.0	0.0	0.0	0.0	0.0	0.0	0.0	0.0	0.0	0.0	0.0	0.0	0.0	0.0	0.0	0.0	0.0	0.0	0.0	0.0	0.0	0.0	0.0	0.0	0.0	0.0	0.0	0.0	0.0	0.0	0.0	0.0	0.0	0.0	0.0	0.0	0.0	0.0	0.0	0.0	0.0	0.0	0.0	0.0	0.0	0.0	0.0	0.0	0.0	0.0	0.0	0.0	0.0	0.0	0.0	0.0	0.0	0.0	0.0	0.0	0.0	0.0	0.0	0.0	0.0	0.0	0.0	0.0	0.0	0.0	0.0	0.0	0.0	0.0	0.0	0.0
GCF_000303155.1	0.0	0.0	0.0	0.0	0.0	0.0	0.0	0.0	0.0	0.0	0.0	0.0	0.0	0.0	0.0	0.0	0.0	0.0	0.0	0.0	0.0	0.0	0.0	0.0	0.0	0.0	0.0	0.0	0.0	0.0	0.0	0.0	0.0	0.0	0.0	0.0	0.0	0.0	0.0	0.0	0.0	0.0	0.0	0.0	0.0	0.0	0.0	0.0	0.0	0.0	0.0	0.0	0.0	0.0	0.0	0.0	0.0	0.0	0.0	0.0	0.0	0.0	0.0	0.0	0.0	0.0	0.0	0.0	0.0	0.0	0.0	0.0	0.0	0.0	0.0	0.0	0.0	0.0	0.0	0.0	0.0	0.0	0.0	0.0	0.0	0.0	0.0	0.0	0.0	0.0	0.0	0.0	0.0	0.0	0.0	0.0	0.0	0.0	0.0	0.0	0.0	0.0	0.0	0.0	0.0	0.0	0.0	0.0	0.0	0.0	0.0	0.0	0.0	0.0	0.0	0.0	0.0	0.0	0.0	0.0	0.0	0.0	0.0	0.0	0.0	0.0	0.0	0.0	0.0	0.0	0.0	0.0	0.0	0.0	0.0	0.0	0.0	0.0	0.0	0.0	0.0	0.0	0.0	0.0	0.0	0.0	0.0	0.0	0.0	0.0	0.0	0.0	0.0	0.0	0.0	0.0	0.0	0.0	0.0	0.0	0.0	0.0	0.0	0.0	0.0	0.0	0.0
GCF_000328945.1	0.0	0.0	0.0	0.0	0.0	0.0	0.0	0.0	0.0	0.0	0.0	0.0	0.0	0.0	0.0	0.0	0.0	0.0	0.0	0.0	0.0	0.0	0.0	0.0	0.0	0.0	0.0	0.0	0.0	0.0	0.0	0.0	0.0	0.0	0.0	0.0	0.0	0.0	0.0	0.0	0.0	0.0	0.0	0.0	0.0	0.0	0.0	0.0	0.0	0.0	0.0	0.0	0.0	0.0	0.0	0.0	0.0	0.0	0.0	0.0	0.0	0.0	0.0	0.0	0.0	0.0	0.0	0.0	0.0	0.0	0.0	0.0	0.0	0.0	0.0	0.0	0.0	0.0	0.0	0.0	0.0	0.0	0.0	0.0	0.0	0.0	0.0	0.0	0.0	0.0	0.0	0.0	0.0	0.0	0.0	0.0	0.0	0.0	0.0	0.0	0.0	0.0	0.0	0.0	0.0	0.0	0.0	0.0	0.0	0.0	0.0	0.0	0.0	0.0	0.0	0.0	0.0	0.0	0.0	0.0	0.0	0.0	0.0	0.0	0.0	0.0	0.0	0.0	0.0	0.0	0.0	0.0	0.0	0.0	0.0	0.0	0.0	0.0	0.0	0.0	0.0	0.0	0.0	0.0	0.0	0.0	0.0	0.0	0.0	0.0	0.0	0.0	0.0	0.0	0.0	0.0	0.0	0.0	0.0	0.0	0.0	0.0	0.0	0.0	0.0	0.0	0.0
GCF_000812185.1	0.0	0.0	0.0	0.0	0.0	82.6623	0.9969	2.4624	1.2109	70.2926	11.9497	8.4258	0.9294	59.4652	0.0	0.0	37.1809	0.0	0.0	0.0	59.2227	0.0	0.0	0.0	0.0	0.0	20.4675	0.0	0.0	2.3532	0.0	1.0386	0.0	19.2757	27.0756	54.7403	27.2461	2.3071	28.7585	50.5229	5.0483	0.0	0.0	529.605	115.3969	144.3065	396.5605	120.7824	120.4786	7.0706	3.2389	30.8707	2.5327	15.2891	1.6399	0.0	0.0	10.6621	2.293	585.918	31.3728	100.2294	0.0	0.0	642.7161	322.8373	122.8516	2.6967	4.8289	1.9662	0.0	1.9103	0.0	3.0975	4.2933	0.0	0.0	0.0	1.3291	0.0	1.6983	0.0	4.6592	323.454	6.0687	4.2825	3.7969999999999997	3.7355	495.7833	142.1384	2.7352	1.4454	6.5862	3.0473	992.0937	53.7985	7.8141	7.0112	84.2196	0.0	0.0	0.0	8.0299	5.8983	0.0	8.2402	83.6612	317.8037	10.4564	31.1189	188.7741	110.3942	72.1154	2.358	5.2501	7.4723	109.2399	14.9233	7.5297	0.0	0.0	0.0	0.0	10.6202	0.0	16.2102	0.0	0.0	0.0	0.0	0.0	14.9206	0.0	0.0	0.0	0.0	0.0	0.0	0.0	0.0	0.0	0.0	0.0	0.0	11.0298	0.0	0.0	0.0	0.0	0.0	0.0	0.0	0.0	0.0	0.0	0.0	0.0	0.0	0.0	0.0	0.0	0.0	0.0	0.0	0.0	0.0	0.0
GCF_000875775.1	0.0	0.0	0.0	0.0	0.0	0.0	0.0	0.0	0.0	0.0	0.0	0.0	0.0	0.0	0.0	0.0	0.0	0.0	0.0	0.0	0.0	0.0	0.0	0.0	0.0	0.0	0.0	0.0	0.0	0.0	0.0	0.0	0.0	0.0	0.0	0.0	0.0	0.0	0.0	0.0	0.0	0.0	0.0	0.0	0.0	0.0	0.0	0.0	0.0	0.0	0.0	0.0	0.0	0.0	0.0	0.0	0.0	0.0	0.0	0.0	0.0	0.0	0.0	0.0	0.0	0.0	0.0	0.0	0.0	0.0	0.0	0.0	0.0	0.0	0.0	0.0	0.0	0.0	0.0	0.0	0.0	0.0	0.0	0.0	0.0	0.0	0.0	0.0	0.0	0.0	0.0	0.0	0.0	0.0	0.0	0.0	0.0	0.0	0.0	0.0	0.0	0.0	0.0	0.0	0.0	0.0	0.0	0.0	0.0	0.0	0.0	0.0	0.0	0.0	0.0	0.0	0.0	0.0	0.0	0.0	0.0	0.0	0.0	0.0	0.0	0.0	0.0	0.0	0.0	0.0	0.0	0.0	0.0	0.0	0.0	0.0	0.0	0.0	0.0	0.0	0.0	0.0	0.0	0.0	0.0	0.0	0.0	0.0	0.0	0.0	0.0	0.0	0.0	0.0	0.0	0.0	0.0	0.0	0.0	0.0	0.0	0.0	0.0	0.0	0.0	0.0	0.0
GCF_000955905.1	0.0	0.0	0.0	0.0	0.0	0.0	0.0	0.0	0.0	0.0	0.0	0.0	0.0	0.0	0.0	0.0	0.0	0.0	0.0	0.0	0.0	0.0	0.0	0.0	0.0	0.0	0.0	0.0	0.0	0.0	0.0	0.0	0.0	0.0	0.0	0.0	0.0	0.0	0.0	0.0	0.0	0.0	0.0	0.0	0.0	0.0	0.0	0.0	0.0	0.0	0.0	0.0	0.0	0.0	0.0	0.0	0.0	0.0	0.0	0.0	0.0	0.0	0.0	0.0	0.0	0.0	0.0	0.0	0.0	0.0	0.0	0.0	0.0	0.0	0.0	0.0	0.0	0.0	0.0	0.0	0.0	0.0	0.0	0.0	0.0	0.0	0.0	0.0	0.0	0.0	0.0	0.0	0.0	0.0	0.0	0.0	0.0	0.0	0.0	0.0	0.0	0.0	0.0	0.0	0.0	0.0	0.0	0.0	0.0	0.0	0.0	0.0	0.0	0.0	0.0	0.0	0.0	0.0	0.0	0.0	0.0	0.0	0.0	0.0	0.0	0.0	0.0	0.0	0.0	0.0	0.0	0.0	0.0	0.0	0.0	0.0	0.0	0.0	0.0	0.0	0.0	0.0	0.0	0.0	0.0	0.0	0.0	0.0	0.0	0.0	0.0	0.0	0.0	0.0	0.0	0.0	0.0	0.0	0.0	0.0	0.0	0.0	0.0	0.0	0.0	0.0	0.0
GCF_000956175.1	0.0	0.0	0.0	0.0	0.0	0.0	0.0	0.0	0.0	0.0	0.0	0.0	0.0	0.0	0.0	0.0	0.0	0.0	0.0	0.0	0.0	0.0	0.0	0.0	0.0	0.0	0.0	0.0	0.0	0.0	0.0	0.0	0.0	0.0	0.0	0.0	0.0	0.0	0.0	0.0	0.0	0.0	0.0	0.0	0.0	0.0	0.0	0.0	0.0	0.0	0.0	0.0	0.0	0.0	0.0	0.0	0.0	0.0	0.0	0.0	0.0	0.0	0.0	0.0	0.0	0.0	0.0	0.0	0.0	0.0	0.0	0.0	0.0	0.0	0.0	0.0	0.0	0.0	0.0	0.0	0.0	0.0	0.0	0.0	0.0	0.0	0.0	0.0	0.0	0.0	0.0	0.0	0.0	0.0	0.0	0.0	0.0	0.0	0.0	0.0	0.0	0.0	0.0	0.0	0.0	0.0	0.0	0.0	0.0	0.0	0.0	0.0	0.0	0.0	0.0	0.0	0.0	0.0	0.0	0.0	0.0	0.0	0.0	0.0	0.0	0.0	0.0	0.0	0.0	0.0	0.0	0.0	0.0	0.0	0.0	0.0	0.0	0.0	0.0	0.0	0.0	0.0	0.0	0.0	0.0	0.0	0.0	0.0	0.0	0.0	0.0	0.0	0.0	0.0	0.0	0.0	0.0	0.0	0.0	0.0	0.0	0.0	0.0	0.0	0.0	0.0	0.0
GCF_001541925.1	0.0	0.0	0.0	0.0	0.0	0.0	0.0	0.0	0.0	24.42331538461539	0.0	0.0	0.0	0.0	0.0	0.0	0.0	0.0	0.0	0.0	0.0	0.0	0.0	0.0	0.0	0.0	0.0	0.0	0.0	0.0	0.0	0.0	0.0	0.0	0.0	0.0	0.0	0.0	3.996507692307692	7.6630192307692315	11.415280769230769	3.4329230769230765	7.699003846153847	0.0	0.0	0.0	0.0	0.0	0.0	11.658957692307695	4.822176923076923	0.0	0.0	0.0	0.0	0.0	0.0	0.0	0.0	0.0	0.0	0.0	0.0	0.0	0.0	0.0	0.0	0.0	0.0	0.0	0.0	0.0	0.0	0.0	0.0	0.0	0.0	0.0	0.0	0.0	0.0	0.0	0.0	0.0	0.0	0.0	0.0	0.0	0.0	0.0	0.0	0.0	0.0	0.0	0.0	0.0	0.0	0.0	0.0	0.0	0.0	0.0	0.0	0.0	0.0	12.256273076923074	35.15161923076923	0.0	4.368557692307692	0.0	10.794553846153846	0.0	0.0	0.0	5.762073076923077	7.885092307692307	32.62627692307692	70.15585	81.0991076923077	0.0	7.231696153846153	0.0	0.0	55.42559615384615	0.0	62.03031153846154	29.96215384615385	53.31198076923078	108.24657692307692	116.56358846153844	0.0	105.7421423076923	11.511111538461538	0.0	0.0	0.0	0.0	0.0	0.0	0.0	0.0	0.0	0.0	0.0	30.17987692307692	0.0	0.0	0.0	0.0	0.0	0.0	0.0	0.0	0.0	0.0	0.0	0.0	11.707696153846154	0.0	0.0	0.0	19.85215	0.0	0.0	0.0	0.0	0.0
GCF_001870125.1	0.0	0.0	0.0	0.0	0.0	0.0	0.0	0.0	0.0	0.0	0.0	0.0	0.0	0.0	0.0	0.0	0.0	0.0	0.0	0.0	0.0	0.0	0.0	0.0	0.0	0.0	0.0	0.0	0.0	0.0	0.0	0.0	0.0	0.0	0.0	0.0	0.0	0.0	0.0	0.0	0.0	0.0	0.0	0.0	0.0	0.0	0.0	0.0	0.0	0.0	0.0	0.0	0.0	0.0	0.0	0.0	0.0	0.0	0.0	0.0	0.0	0.0	0.0	0.0	0.0	0.0	0.0	0.0	0.0	0.0	0.0	0.0	0.0	0.0	0.0	0.0	0.0	0.0	0.0	0.0	0.0	0.0	0.0	0.0	0.0	0.0	0.0	0.0	0.0	0.0	0.0	0.0	0.0	0.0	0.0	0.0	0.0	0.0	0.0	0.0	0.0	0.0	0.0	0.0	0.0	0.0	0.0	0.0	0.0	0.0	0.0	0.0	0.0	0.0	0.0	0.0	0.0	0.0	0.0	0.0	0.0	0.0	0.0	0.0	0.0	0.0	0.0	0.0	0.0	0.0	0.0	0.0	0.0	0.0	0.0	0.0	0.0	0.0	0.0	0.0	0.0	0.0	0.0	0.0	0.0	0.0	0.0	0.0	0.0	0.0	0.0	0.0	0.0	0.0	0.0	0.0	0.0	0.0	0.0	0.0	0.0	0.0	0.0	0.0	0.0	0.0	0.0
GCF_002156965.1	0.0	1.5088	2.5885	4.671	0.0	19.5093	0.0	0.0	1.1037	226.4936	11.4015	11.8171	3.3439	109.8845	0.0	0.0	0.0	0.0	0.0	0.0	0.0	0.0	0.0	0.0	0.0	0.0	0.0	0.0	0.0	0.0	0.0	0.0	0.0	0.0	0.0	0.0	0.0	0.0	32.5711	61.083999999999996	37.8389	10.7346	25.8362	3.6518	1.4178	2.0597	4.8412	1.6284	2.0514	26.0056	11.0545	0.0	0.0	0.0	0.0	0.0	0.0	0.0	0.0	0.0	0.0	0.0	0.0	0.0	7.6023	8.2764	2.9175	0.0	12.0213	0.0	15.1747	0.0	0.0	1.2907	1.3904	0.0	0.0	0.0	0.0	0.0	0.0	0.0	0.0	0.0	0.0	0.0	0.0	0.0	0.0	0.0	0.0	0.0	0.0	0.0	0.0	0.0	0.0	0.0	0.0	0.0	8.9029	0.0	0.0	0.0	2.1326	27.4125	194.7407	3.7353	18.0674	0.0	78.4703	36.104	16.6425	2.4384	32.8133	48.2384	145.5978	155.6324	175.8268	8.3508	15.0344	11.1148	12.5002	117.7915	25.4628	131.6214	59.386	103.6847	212.5919	236.0312	10.2331	232.8317	24.2174	0.0	36.2325	0.0	0.0	0.0	33.9458	0.0	16.0895	25.3724	0.0	0.0	76.5005	21.0861	0.0	0.0	0.0	24.048000000000002	25.320999999999998	0.0	20.3135	0.0	11.369000000000002	25.7432	0.0	26.9018	0.0	0.0	16.449	47.7563	0.0	16.1137	0.0	23.4853	0.0
GCF_003045125.1	0.0	0.0	0.0	0.0	0.0	77.68326666666667	0.9448666666666666	2.2522	1.1523333333333334	67.27956666666667	11.5687	8.002433333333332	0.8453	56.41793333333333	0.0	0.0	37.30566666666667	0.0	0.0	0.0	59.48026666666666	0.0	0.0	0.0	0.0	0.0	20.519966666666665	0.0	0.0	2.3392	0.0	1.0043	0.0	18.377733333333328	25.031	51.5577	26.119	2.2073666666666667	27.36793333333333	47.8359	5.1628	0.0	0.0	475.03176666666667	108.64543333333332	135.3599	370.46206666666666	113.51143333333331	112.73123333333334	7.1308333333333325	3.267133333333333	28.84016666666667	2.334966666666667	14.430633333333333	1.6500666666666668	0.0	0.0	10.683666666666666	2.3000333333333334	537.7782333333333	28.943133333333336	94.16433333333332	0.0	0.0	599.0890666666667	301.76806666666664	115.6206	2.451033333333333	4.767566666666666	1.9221666666666664	0.0	1.8661	0.0	3.022566666666666	4.1314	0.0	0.0	0.0	1.2898	0.0	1.7209666666666663	0.0	4.4161	320.3374333333333	6.0014	4.1958	3.820133333333333	3.6818	488.7557	141.57716666666667	2.699933333333333	1.4691666666666667	6.284533333333332	3.0099666666666667	977.3475	53.4417	7.621633333333333	6.9243	80.5981	0.0	0.0	0.0	7.9819666666666675	5.697733333333334	0.0	8.2052	79.03183333333334	300.5331	10.237466666666666	28.8447	178.28433333333336	105.30856666666666	68.0765	2.364	5.275233333333333	7.5612666666666675	110.06493333333334	14.972733333333332	7.5224	0.0	0.0	0.0	0.0	10.7956	0.0	16.058433333333333	0.0	0.0	0.0	0.0	0.0	15.165866666666664	0.0	0.0	0.0	0.0	0.0	0.0	0.0	0.0	0.0	0.0	0.0	0.0	11.426333333333336	0.0	0.0	0.0	0.0	0.0	0.0	0.0	0.0	0.0	0.0	0.0	0.0	0.0	0.0	0.0	0.0	0.0	0.0	0.0	0.0	0.0	0.0
GCF_003175215.1	0.0	0.0	0.0	0.0	0.0	0.0	0.0	0.0	0.0	0.0	0.0	0.0	0.0	0.0	0.0	0.0	0.0	0.0	0.0	0.0	0.0	0.0	0.0	0.0	0.0	0.0	0.0	0.0	0.0	0.0	0.0	0.0	0.0	0.0	0.0	0.0	0.0	0.0	0.0	0.0	0.0	0.0	0.0	0.0	0.0	0.0	0.0	0.0	0.0	0.0	0.0	0.0	0.0	0.0	0.0	0.0	0.0	0.0	0.0	0.0	0.0	0.0	0.0	0.0	0.0	0.0	0.0	0.0	0.0	0.0	0.0	0.0	0.0	0.0	0.0	0.0	0.0	0.0	0.0	0.0	0.0	0.0	0.0	0.0	0.0	0.0	0.0	0.0	0.0	0.0	0.0	0.0	0.0	0.0	0.0	0.0	0.0	0.0	0.0	0.0	0.0	0.0	0.0	0.0	0.0	0.0	0.0	0.0	0.0	0.0	0.0	0.0	0.0	0.0	0.0	0.0	0.0	0.0	0.0	0.0	0.0	0.0	0.0	0.0	0.0	0.0	0.0	0.0	0.0	0.0	0.0	0.0	0.0	0.0	0.0	0.0	0.0	0.0	0.0	0.0	0.0	0.0	0.0	0.0	0.0	0.0	0.0	0.0	0.0	0.0	0.0	0.0	0.0	0.0	0.0	0.0	0.0	0.0	0.0	0.0	0.0	0.0	0.0	0.0	0.0	0.0	0.0
GCF_013407145.1	0.0	0.0	0.0	0.0	0.0	0.0	0.0	0.0	0.0	0.0	0.0	0.0	0.0	0.0	0.0	0.0	0.0	0.0	0.0	0.0	0.0	0.0	0.0	0.0	0.0	0.0	0.0	0.0	0.0	0.0	0.0	0.0	0.0	0.0	0.0	0.0	0.0	0.0	0.0	0.0	0.0	0.0	0.0	0.0	0.0	0.0	0.0	0.0	0.0	0.0	0.0	0.0	0.0	0.0	0.0	0.0	0.0	0.0	0.0	0.0	0.0	0.0	0.0	0.0	0.0	0.0	0.0	0.0	0.0	0.0	0.0	0.0	0.0	0.0	0.0	0.0	0.0	0.0	0.0	0.0	0.0	0.0	0.0	0.0	0.0	0.0	0.0	0.0	0.0	0.0	0.0	0.0	0.0	0.0	0.0	0.0	0.0	0.0	0.0	0.0	0.0	0.0	0.0	0.0	0.0	0.0	0.0	0.0	0.0	0.0	0.0	0.0	0.0	0.0	0.0	0.0	0.0	0.0	0.0	0.0	0.0	0.0	0.0	0.0	0.0	0.0	0.0	0.0	0.0	0.0	0.0	0.0	0.0	0.0	0.0	0.0	0.0	0.0	0.0	0.0	0.0	0.0	0.0	0.0	0.0	0.0	0.0	0.0	0.0	0.0	0.0	0.0	0.0	0.0	0.0	0.0	0.0	0.0	0.0	0.0	0.0	0.0	0.0	0.0	0.0	0.0	0.0
GCF_013407165.1	0.0	0.0	0.0	0.0	0.0	0.0	0.0	0.0	0.0	0.0	0.0	0.0	0.0	0.0	0.0	0.0	0.0	0.0	0.0	0.0	0.0	0.0	0.0	0.0	0.0	0.0	0.0	0.0	0.0	0.0	0.0	0.0	0.0	0.0	0.0	0.0	0.0	0.0	0.0	0.0	0.0	0.0	0.0	0.0	0.0	0.0	0.0	0.0	0.0	0.0	0.0	0.0	0.0	0.0	0.0	0.0	0.0	0.0	0.0	0.0	0.0	0.0	0.0	0.0	0.0	0.0	0.0	0.0	0.0	0.0	0.0	0.0	0.0	0.0	0.0	0.0	0.0	0.0	0.0	0.0	0.0	0.0	0.0	0.0	0.0	0.0	0.0	0.0	0.0	0.0	0.0	0.0	0.0	0.0	0.0	0.0	0.0	0.0	0.0	0.0	0.0	0.0	0.0	0.0	0.0	0.0	0.0	0.0	0.0	0.0	0.0	0.0	0.0	0.0	0.0	0.0	0.0	0.0	0.0	0.0	0.0	0.0	0.0	0.0	0.0	0.0	0.0	0.0	0.0	0.0	0.0	0.0	0.0	0.0	0.0	0.0	0.0	0.0	0.0	0.0	0.0	0.0	0.0	0.0	0.0	0.0	0.0	0.0	0.0	0.0	0.0	0.0	0.0	0.0	0.0	0.0	0.0	0.0	0.0	0.0	0.0	0.0	0.0	0.0	0.0	0.0	0.0
GCF_013407185.1	0.0	0.0	0.0	0.0	0.0	0.0	0.0	0.0	0.0	0.0	0.0	0.0	0.0	0.0	0.0	0.0	0.0	0.0	0.0	0.0	0.0	0.0	0.0	0.0	0.0	0.0	0.0	0.0	0.0	0.0	0.0	0.0	0.0	0.0	0.0	0.0	0.0	0.0	0.0	0.0	0.0	0.0	0.0	0.0	0.0	0.0	0.0	0.0	0.0	0.0	0.0	0.0	0.0	0.0	0.0	0.0	0.0	0.0	0.0	0.0	0.0	0.0	0.0	0.0	0.0	0.0	0.0	0.0	0.0	0.0	0.0	0.0	0.0	0.0	0.0	0.0	0.0	0.0	0.0	0.0	0.0	0.0	0.0	0.0	0.0	0.0	0.0	0.0	0.0	0.0	0.0	0.0	0.0	0.0	0.0	0.0	0.0	0.0	0.0	0.0	0.0	0.0	0.0	0.0	0.0	0.0	0.0	0.0	0.0	0.0	0.0	0.0	0.0	0.0	0.0	0.0	0.0	0.0	0.0	0.0	0.0	0.0	0.0	0.0	0.0	0.0	0.0	0.0	0.0	0.0	0.0	0.0	0.0	0.0	0.0	0.0	0.0	0.0	0.0	0.0	0.0	0.0	0.0	0.0	0.0	0.0	0.0	0.0	0.0	0.0	0.0	0.0	0.0	0.0	0.0	0.0	0.0	0.0	0.0	0.0	0.0	0.0	0.0	0.0	0.0	0.0	0.0
GCF_013407385.1	0.0	0.0	0.0	0.0	0.0	0.0	0.0	0.0	0.0	0.0	0.0	0.0	0.0	0.0	0.0	0.0	0.0	0.0	0.0	0.0	0.0	0.0	0.0	0.0	0.0	0.0	0.0	0.0	0.0	0.0	0.0	0.0	0.0	0.0	0.0	0.0	0.0	0.0	0.0	0.0	0.0	0.0	0.0	0.0	0.0	0.0	0.0	0.0	0.0	0.0	0.0	0.0	0.0	0.0	0.0	0.0	0.0	0.0	0.0	0.0	0.0	0.0	0.0	0.0	0.0	0.0	0.0	0.0	0.0	0.0	0.0	0.0	0.0	0.0	0.0	0.0	0.0	0.0	0.0	0.0	0.0	0.0	0.0	0.0	0.0	0.0	0.0	0.0	0.0	0.0	0.0	0.0	0.0	0.0	0.0	0.0	0.0	0.0	0.0	0.0	0.0	0.0	0.0	0.0	0.0	0.0	0.0	0.0	0.0	0.0	0.0	0.0	0.0	0.0	0.0	0.0	0.0	0.0	0.0	0.0	0.0	0.0	0.0	0.0	0.0	0.0	0.0	0.0	0.0	0.0	0.0	0.0	0.0	0.0	0.0	0.0	0.0	0.0	0.0	0.0	0.0	0.0	0.0	0.0	0.0	0.0	0.0	0.0	0.0	0.0	0.0	0.0	0.0	0.0	0.0	0.0	0.0	0.0	0.0	0.0	0.0	0.0	0.0	0.0	0.0	0.0	0.0
GCF_014078525.1	0.0	0.0	0.0	0.0	0.0	0.0	0.0	0.0	0.0	0.0	0.0	0.0	0.0	0.0	0.0	0.0	0.0	0.0	0.0	0.0	0.0	0.0	0.0	0.0	0.0	0.0	0.0	0.0	0.0	0.0	0.0	0.0	0.0	0.0	0.0	0.0	0.0	0.0	0.0	0.0	0.0	0.0	0.0	0.0	0.0	0.0	0.0	0.0	0.0	0.0	0.0	0.0	0.0	0.0	0.0	0.0	0.0	0.0	0.0	0.0	0.0	0.0	0.0	0.0	0.0	0.0	0.0	0.0	0.0	0.0	0.0	0.0	0.0	0.0	0.0	0.0	0.0	0.0	0.0	0.0	0.0	0.0	0.0	0.0	0.0	0.0	0.0	0.0	0.0	0.0	0.0	0.0	0.0	0.0	0.0	0.0	0.0	0.0	0.0	0.0	0.0	0.0	0.0	0.0	0.0	0.0	0.0	0.0	0.0	0.0	0.0	0.0	0.0	0.0	0.0	0.0	0.0	0.0	0.0	0.0	0.0	0.0	0.0	0.0	0.0	0.0	0.0	0.0	0.0	0.0	0.0	0.0	0.0	0.0	0.0	0.0	0.0	0.0	0.0	0.0	0.0	0.0	0.0	0.0	0.0	0.0	0.0	0.0	0.0	0.0	0.0	0.0	0.0	0.0	0.0	0.0	0.0	0.0	0.0	0.0	0.0	0.0	0.0	0.0	0.0	0.0	0.0
GCF_014078535.1	0.0	0.0	0.0	0.0	0.0	0.0	0.0	0.0	0.0	0.0	0.0	0.0	0.0	0.0	0.0	0.0	0.0	0.0	0.0	0.0	0.0	0.0	0.0	0.0	0.0	0.0	0.0	0.0	0.0	0.0	0.0	0.0	0.0	0.0	0.0	0.0	0.0	0.0	0.0	0.0	0.0	0.0	0.0	0.0	0.0	0.0	0.0	0.0	0.0	0.0	0.0	0.0	0.0	0.0	0.0	0.0	0.0	0.0	0.0	0.0	0.0	0.0	0.0	0.0	0.0	0.0	0.0	0.0	0.0	0.0	0.0	0.0	0.0	0.0	0.0	0.0	0.0	0.0	0.0	0.0	0.0	0.0	0.0	0.0	0.0	0.0	0.0	0.0	0.0	0.0	0.0	0.0	0.0	0.0	0.0	0.0	0.0	0.0	0.0	0.0	0.0	0.0	0.0	0.0	0.0	0.0	0.0	0.0	0.0	0.0	0.0	0.0	0.0	0.0	0.0	0.0	0.0	0.0	0.0	0.0	0.0	0.0	0.0	0.0	0.0	0.0	0.0	0.0	0.0	0.0	0.0	0.0	0.0	0.0	0.0	0.0	0.0	0.0	0.0	0.0	0.0	0.0	0.0	0.0	0.0	0.0	0.0	0.0	0.0	0.0	0.0	0.0	0.0	0.0	0.0	0.0	0.0	0.0	0.0	0.0	0.0	0.0	0.0	0.0	0.0	0.0	0.0
GCF_014078545.1	0.0	0.0	0.0	0.0	0.0	0.0	0.0	0.0	0.0	0.0	0.0	0.0	0.0	0.0	0.0	0.0	0.0	0.0	0.0	0.0	0.0	0.0	0.0	0.0	0.0	0.0	0.0	0.0	0.0	0.0	0.0	0.0	0.0	0.0	0.0	0.0	0.0	0.0	0.0	0.0	0.0	0.0	0.0	0.0	0.0	0.0	0.0	0.0	0.0	0.0	0.0	0.0	0.0	0.0	0.0	0.0	0.0	0.0	0.0	0.0	0.0	0.0	0.0	0.0	0.0	0.0	0.0	0.0	0.0	0.0	0.0	0.0	0.0	0.0	0.0	0.0	0.0	0.0	0.0	0.0	0.0	0.0	0.0	0.0	0.0	0.0	0.0	0.0	0.0	0.0	0.0	0.0	0.0	0.0	0.0	0.0	0.0	0.0	0.0	0.0	0.0	0.0	0.0	0.0	0.0	0.0	0.0	0.0	0.0	0.0	0.0	0.0	0.0	0.0	0.0	0.0	0.0	0.0	0.0	0.0	0.0	0.0	0.0	0.0	0.0	0.0	0.0	0.0	0.0	0.0	0.0	0.0	0.0	0.0	0.0	0.0	0.0	0.0	0.0	0.0	0.0	0.0	0.0	0.0	0.0	0.0	0.0	0.0	0.0	0.0	0.0	0.5359623853211011	0.0	0.509745871559633	0.0	0.0	0.0	0.0	0.0	0.0	0.0	0.0	0.0	0.0	0.0	0.0	0.0
GCF_900167955.1	0.0	0.0	0.0	0.0	0.0	0.0	0.0	0.0	0.0	0.0	0.0	0.0	0.0	0.0	0.0	0.0	0.0	0.0	0.0	0.0	0.0	0.0	0.0	0.0	0.0	0.0	0.0	0.0	0.0	0.0	0.0	0.0	0.0	0.0	0.0	0.0	0.0	0.0	0.0	0.0	0.0	0.0	0.0	0.0	0.0	0.0	0.0	0.0	0.0	0.0	0.0	0.0	0.0	0.0	0.0	0.0	0.0	0.0	0.0	0.0	0.0	0.0	0.0	0.0	0.0	0.0	0.0	0.0	0.0	0.0	0.0	0.0	0.0	0.0	0.0	0.0	0.0	0.0	0.0	0.0	0.0	0.0	0.0	0.0	0.0	0.0	0.0	0.0	0.0	0.0	0.0	0.0	0.0	0.0	0.0	0.0	0.0	0.0	0.0	0.0	0.0	0.0	0.0	0.0	0.0	0.0	0.0	0.0	0.0	0.0	0.0	0.0	0.0	0.0	0.0	0.0	0.0	0.0	0.0	0.0	0.0	0.0	0.0	0.0	0.0	0.0	0.0	0.0	0.0	0.0	0.0	0.0	0.0	0.0	0.0	0.0	0.0	0.0	0.0	0.0	0.0	0.0	0.0	0.0	0.0	0.0	0.0	0.0	0.0	0.0	0.0	0.0	0.0	0.0	0.0	0.0	0.0	0.0	0.0	0.0	0.0	0.0	0.0	0.0	0.0	0.0	0.0
JGI_2527291500	0.0	0.0	0.0	0.0	0.0	0.0	0.0	0.0	1.430090625	0.0	0.0	0.0	0.0	0.0	0.0	0.0	0.0	0.0	0.0	0.0	0.0	1.51258125	334.69815	3.316184375	3.981365625	7.69545	0.0	487.672534375	0.0	0.0	0.0	0.0	356.51488125	0.0	0.0	1.74081875	0.0	618.413090625	0.0	0.0	0.0	0.0	0.0	0.0	0.0	0.0	6.3865187500000005	0.0	0.0	443.394346875	161.94085625	0.0	0.0	0.0	876.031771875	373.63441875	261.9413875	0.0	150.378225	0.0	0.0	0.0	717.897446875	246.796059375	0.0	0.0	0.0	0.0	747.712015625	68.853840625	214.714084375	0.0	645.1219125	266.144296875	0.0	442.0332	449.16431875	1.125159375	2.570365625	21.071371875	798.947515625	47.081028125	0.0	0.0	0.0	0.0	0.0	0.0	0.0	0.0	0.0	0.0	0.0	0.0	0.0	0.0	0.0	0.0	0.0	414.05341875	680.570884375	0.0	0.0	0.0	448.8145625	531.828115625	3.767796875	2.7579625	274.722746875	0.0	3.725946875	0.0	0.0	398.769175	0.0	0.0	130.9366875	93.14259375	34.045378125	5.198771875	0.0	0.0	0.0	11.8137125	0.0	52.23636875	2.019003125	1.0844375	3.808103125	0.0	0.0	5.031009375	0.0	133.673365625	266.707903125	9.316384375	11.7082	186.311746875	208.60121875	0.0	222.0722875	111.429415625	29.445175	27.255303125	0.0	14.264075	1.65235	7.05754375	28.599240625	1.5368125	4.778278125	52.525490625	65.755478125	0.0	13.162940625	7.029684375	3.1695125	73.06068125	15.41333125	8.052525	153.728678125	136.509853125	15.859928125	60.154646875	55.91623125	103.360946875	0.0
JGI_2639762712	0.0	0.0	0.0	0.0	0.0	0.0	0.0	0.0	1.6726333333333334	0.0	0.0	0.0	0.0	0.0	0.0	0.0	0.0	0.0	0.0	0.0	0.0	1.9155833333333332	411.07368333333335	3.811558333333333	4.445275	8.287554166666666	0.0	581.7165416666667	0.0	0.0	0.0	0.0	356.39281666666665	0.0	0.0	1.7835833333333333	0.0	678.2381875	0.0	0.0	1.1604333333333334	0.0	0.0	0.0	0.0	0.0	5.536154166666668	0.0	0.0	384.85375416666665	137.2998125	0.0	0.0	0.0	775.1948583333333	334.00578333333334	233.79990833333332	0.0	146.94972083333334	0.0	0.0	0.0	578.435375	197.21035416666663	0.0	0.0	0.0	0.0	598.0825708333333	53.00455416666666	171.33237916666667	0.0	660.4307875	311.816425	0.0	526.2947125000002	417.34126666666674	1.2725166666666667	2.974745833333333	24.57570833333333	900.5192708333333	52.11810416666667	0.0	0.0	0.0	0.0	0.0	0.0	0.0	0.0	0.0	0.0	0.0	0.0	0.0	0.0	0.0	0.0	0.0	364.84825416666666	624.6395	0.0	0.0	0.0	540.6246291666666	406.6219	4.3985	2.95515	327.16465416666665	0.0	3.9051291666666663	0.0	0.0	469.42074166666674	0.0	0.0	155.892175	55.11455	24.23149166666667	3.689795833333333	0.0	0.0	0.0	7.3321	0.0	31.15095833333333	1.3678083333333333	0.0	2.3981166666666667	0.0	0.0	3.6365083333333335	0.0	95.07518333333331	163.8802625	9.213033333333334	11.907683333333333	138.13387916666667	129.4980375	0.0	154.0254125	68.21643333333333	28.2822875	25.18411666666667	0.0	7.949733333333333	0.0	7.4561375	26.431225	1.1102458333333334	3.2954958333333333	42.675445833333335	41.203629166666666	0.0	8.179225	4.604325	2.6411625	46.37487916666666	9.747891666666666	8.454433333333334	121.66470416666668	83.06981666666667	15.8929	38.13607916666667	42.39221666666667	64.9402625	0.0
JGI_2651870209	0.0	0.0	0.0	0.0	1.7836406976744186	5.2396511627906985	0.0	0.0	0.0	10.142966279069768	2.279861627906977	0.0	0.0	5.006959302325582	5.764870930232557	3.2820511627906983	591.2167011627907	33.63063255813954	3.041709302325581	45.22176395348837	885.5994686046512	0.0	0.0	0.0	0.0	0.0	18.72726279069768	1.3159825581395348	3.0579488372093024	8.478793023255815	1.5092523255813954	2.643803488372093	0.0	6.531448837209302	6.522073255813954	19.607941860465115	9.660266279069766	0.0	0.0	2.3210813953488367	0.0	0.0	0.0	7.272823255813954	0.0	0.0	4.648783720930234	0.0	0.0	0.0	0.0	0.0	0.0	0.0	0.0	0.0	0.0	0.0	0.0	18.581187209302325	0.0	3.104786046511628	0.0	0.0	31.78103488372093	16.865855813953488	5.870215116279071	0.0	0.0	0.0	0.0	0.0	0.0	0.0	0.0	0.0	0.0	0.0	0.0	0.0	0.0	0.0	0.0	86.60701976744187	0.0	0.0	0.0	0.0	166.70231976744185	48.05939302325582	0.0	0.0	0.0	0.0	271.68886744186045	14.19568488372093	4.202017441860465	4.273513953488372	0.0	0.0	0.0	8.39806976744186	57.427718604651155	48.09957906976744	0.0	6.959411627906977	51.92240813953488	210.60333255813958	4.563305813953488	2.5973755813953487	13.74202558139535	10.514701162790695	6.312956976744187	0.0	0.0	0.0	52.7833011627907	0.0	0.0	0.0	0.0	0.0	0.0	8.248491860465116	0.0	13.575918604651164	0.0	0.0	0.0	0.0	0.0	10.337311627906978	0.0	0.0	0.0	0.0	0.0	0.0	0.0	0.0	0.0	0.0	0.0	0.0	0.0	0.0	0.0	0.0	0.0	0.0	0.0	0.0	0.0	0.0	0.0	0.0	0.0	0.0	0.0	0.0	0.0	0.0	0.0	0.0	0.0	0.0	0.0
PRE1_15m_bin1	0.0	0.0	0.0	0.0	0.0	0.0	0.0	0.0	0.0	0.0	0.0	0.0	0.0	0.0	0.0	0.0	9.959356024096383	0.0	0.0	0.0	3.89364156626506	0.0	0.0	0.0	0.0	0.0	0.0	0.0	0.0	0.0	0.0	0.0	0.0	0.0	0.0	0.0	0.0	0.0	4.260471686746988	9.253728313253012	0.0	0.0	0.0	0.0	0.0	0.0	0.0	0.0	0.0	0.0	0.0	0.0	0.0	0.0	0.0	0.0	0.0	0.0	0.0	0.0	0.0	0.0	0.0	0.0	0.0	0.0	0.0	0.0	0.0	0.0	0.0	0.0	0.0	0.0	0.0	0.0	0.0	0.0	0.0	0.0	0.0	0.0	0.0	0.0	0.0	0.0	0.0	0.0	0.0	0.0	0.0	0.0	0.0	0.0	0.0	0.0	0.0	0.0	0.0	0.0	0.0	12.906242771084335	0.0	0.0	0.0	0.0	33.64940963855422	5.1700198795180725	0.0	0.0	0.0	0.0	0.0	0.0	0.0	0.0	12.111074096385543	0.0	31.816042771084337	0.0	0.0	0.0	0.0	22.140306626506025	0.0	0.0	0.0	0.0	0.0	46.651468072289155	0.0	42.12861445783133	0.0	0.0	0.0	0.0	0.0	0.0	0.0	0.0	0.0	0.0	0.0	0.0	0.0	0.0	0.0	0.0	0.0	0.0	0.0	0.0	0.0	0.0	0.0	0.0	0.0	0.0	0.0	0.0	0.0	0.0	0.0	0.0	0.0	0.0	0.0
PRE2_20m_bin1	0.0	0.0	0.0	0.0	0.0	0.0	0.0	0.0	0.0	0.0	0.0	0.0	0.0	0.0	0.0	0.0	13.928421052631581	0.0	0.0	0.0	13.906015789473686	0.0	0.0	0.0	0.0	0.0	0.0	0.0	0.0	0.0	0.0	0.0	0.0	0.0	0.0	3.5086710526315787	0.0	0.0	3.7626210526315784	7.83597894736842	6.47235	0.0	4.071286842105264	0.0	0.0	0.0	0.0	0.0	0.0	7.0575552631578935	0.0	0.0	0.0	0.0	0.0	0.0	0.0	0.0	0.0	0.0	0.0	0.0	0.0	0.0	0.0	0.0	0.0	0.0	0.0	0.0	0.0	0.0	0.0	0.0	0.0	0.0	0.0	0.0	0.0	0.0	0.0	0.0	0.0	0.0	0.0	0.0	0.0	0.0	0.0	0.0	0.0	0.0	0.0	0.0	0.0	0.0	0.0	0.0	0.0	0.0	0.0	4.4591973684210515	0.0	0.0	0.0	7.53942105263158	50.264381578947365	11.142902631578947	3.0353789473684216	0.0	0.0	0.0	0.0	0.0	3.124494736842105	4.2865789473684215	21.461721052631574	41.57272105263158	47.405355263157894	0.0	0.0	0.0	0.0	32.295013157894736	0.0	36.35326315789474	16.16706052631579	28.708581578947374	59.55518421052631	65.99364210526316	0.0	61.44892368421053	6.531142105263157	0.0	0.0	0.0	0.0	0.0	0.0	0.0	0.0	0.0	0.0	0.0	17.344576315789475	0.0	0.0	0.0	0.0	0.0	0.0	0.0	0.0	0.0	0.0	0.0	0.0	0.0	0.0	0.0	0.0	0.0	0.0	0.0	0.0	0.0	0.0
PRE3_10m_bin1	0.0	0.0	0.0	0.0	0.0	0.0	0.0	0.0	0.0	0.0	0.0	0.0	0.0	0.0	0.0	0.0	2.488925657894737	0.0	0.0	0.0	0.0	0.0	0.0	0.0	0.0	0.0	0.0	0.0	0.0	0.0	0.0	0.0	0.0	0.0	0.0	0.0	0.0	0.0	0.0	3.706520394736842	0.0	0.0	0.0	0.0	0.0	0.0	0.0	0.0	0.0	0.0	0.0	0.0	0.0	0.0	0.0	0.0	0.0	0.0	0.0	0.0	0.0	0.0	0.0	0.0	0.0	0.0	0.0	0.0	0.0	0.0	0.0	0.0	0.0	0.0	0.0	0.0	0.0	0.0	0.0	0.0	0.0	0.0	0.0	0.0	0.0	0.0	0.0	0.0	0.0	0.0	0.0	0.0	0.0	0.0	0.0	0.0	0.0	0.0	0.0	0.0	0.0	2.042475	0.0	0.0	0.0	0.0	23.03969078947368	0.0	0.0	0.0	0.0	0.0	0.0	0.0	0.0	0.0	12.550755921052632	35.10254671052632	39.342232894736846	0.0	0.0	0.0	0.0	25.532590131578946	0.0	29.06319605263158	0.0	0.0	46.21606907894736	49.870584210526324	0.0	47.9199447368421	0.0	0.0	0.0	0.0	0.0	0.0	0.0	0.0	0.0	0.0	0.0	0.0	13.778048026315787	0.0	0.0	0.0	0.0	0.0	0.0	0.0	0.0	0.0	0.0	0.0	0.0	0.0	0.0	0.0	0.0	0.0	0.0	0.0	0.0	0.0	0.0
SAMC021086	0.0	0.0	0.0	0.0	0.0	0.0	0.0	0.0	0.0	0.0	0.0	0.0	0.0	0.0	0.0	0.0	0.0	0.0	0.0	0.0	0.0	0.0	0.0	0.0	0.0	0.0	0.0	0.0	0.0	0.0	0.0	0.0	0.0	0.0	0.0	0.0	0.0	0.0	0.0	0.0	0.0	0.0	0.0	0.0	0.0	0.0	0.0	0.0	0.0	0.0	0.0	0.0	0.0	0.0	0.0	0.0	0.0	0.0	0.0	0.0	0.0	0.0	0.0	0.0	0.0	0.0	0.0	0.0	0.0	0.0	6.984580952380951	0.0	0.0	0.0	0.0	0.0	0.0	0.0	0.0	0.0	0.0	0.0	0.0	0.0	0.0	0.0	0.0	0.0	0.0	0.0	0.0	0.0	0.0	0.0	0.0	0.0	0.0	0.0	0.0	0.0	0.0	0.0	0.0	0.0	0.0	0.0	0.0	0.0	0.0	0.0	0.0	0.0	0.0	0.0	0.0	0.0	0.0	0.0	0.0	0.0	0.0	0.0	0.0	0.0	0.0	0.0	0.0	0.0	0.0	0.0	0.0	0.0	0.0	0.0	0.0	10.023261904761904	13.009385714285715	0.0	0.0	0.0	0.0	0.0	38.239871428571426	19.725228571428573	0.0	0.0	0.0	0.0	16.54669523809524	0.0	0.0	0.0	0.0	0.0	0.0	0.0	0.0	0.0	0.0	8.165657142857143	6.867980952380952	0.0	10.369257142857142	0.0	0.0	0.0	0.0
SAMC021088	0.0	0.0	0.0	0.0	0.0	0.0	0.0	0.0	0.0	0.0	0.0	0.0	0.0	0.0	0.0	0.0	0.0	0.0	0.0	0.0	0.0	0.0	84.19133506493506	0.0	0.0	2.651290909090909	0.0	272.21802402597405	0.0	0.0	0.0	0.0	82.40386623376624	0.0	0.0	0.0	0.0	124.40371558441556	0.0	0.0	0.0	0.0	0.0	0.0	0.0	0.0	0.0	0.0	0.0	66.95946753246753	24.975262337662336	0.0	0.0	0.0	378.35173831168834	175.8430922077922	129.93034675324677	0.0	60.40040844155844	0.0	0.0	0.0	165.8909233766234	62.62095324675325	0.0	0.0	0.0	0.0	97.98387597402599	9.824850649350651	88.4325909090909	0.0	115.9737448051948	50.98815	0.0	83.9653448051948	133.26144935064934	0.0	0.0	14.118847402597403	262.5823142857143	18.321255194805197	0.0	0.0	0.0	0.0	0.0	0.0	0.0	0.0	0.0	0.0	0.0	0.0	0.0	0.0	0.0	0.0	0.0	58.658635714285715	204.021851948052	0.0	0.0	0.0	99.24495844155844	96.27716558441557	0.0	0.0	68.73141883116884	0.0	0.0	0.0	0.0	95.26903896103896	0.0	0.0	25.38535454545455	9.2865	6.71014025974026	0.0	0.0	0.0	0.0	0.0	0.0	4.9165811688311685	0.0	0.0	0.0	0.0	0.0	0.0	0.0	40.7460525974026	25.09049090909091	71.60926038961037	87.19686753246755	64.79430779220779	20.146254545454546	0.0	53.24266103896104	12.02599025974026	203.69005129870132	48.62798896103896	0.0	0.0	0.0	13.054551298701297	46.99024155844156	0.0	0.0	38.456784415584416	7.24247987012987	14.980674025974025	0.0	0.0	1.5707766233766234	6.906162337662338	0.0	118.76528506493507	33.62641233766234	12.466187662337664	164.62054545454546	7.121077922077923	15.134889610389608	10.046541558441561	17.77391233766234
SAMC021089	0.0	0.0	0.0	0.0	0.0	0.0	0.0	0.0	0.0	0.0	0.0	0.0	0.0	0.0	0.0	0.0	0.0	0.0	0.0	0.0	0.0	0.0	120.02762972972971	0.0	0.0	2.789072972972973	0.0	432.99590810810815	0.0	0.0	0.0	0.0	132.56735135135136	0.0	0.0	0.0	0.0	199.1724918918919	0.0	0.0	0.0	0.0	0.0	0.0	0.0	0.0	0.0	0.0	0.0	107.17293513513512	39.19715675675676	0.0	0.0	0.0	611.9193162162163	282.69644864864864	201.25648378378375	0.0	93.02664324324324	0.0	0.0	0.0	265.90292972972975	98.24276756756755	0.0	0.0	0.0	0.0	158.94114324324326	15.313505405405405	138.65054864864865	0.0	187.31638648648652	77.20361891891892	0.0	129.29213783783786	216.6122945945946	0.0	1.2857081081081079	7.551991891891893	419.1908135135135	27.61971621621621	0.0	0.0	0.0	0.0	0.0	0.0	0.0	0.0	0.0	0.0	0.0	0.0	0.0	0.0	0.0	0.0	0.0	92.84270540540541	325.74209189189185	0.0	0.0	0.0	158.92522702702703	158.26342702702703	1.8335594594594595	0.0	107.88018108108109	0.0	0.0	0.0	0.0	152.87572162162158	0.0	0.0	41.42778648648649	14.931021621621618	8.806954054054055	1.4534486486486486	0.0	0.0	0.0	0.0	0.0	8.715643243243242	0.0	0.0	0.0	0.0	0.0	0.0	0.0	70.14045945945946	46.46212702702704	117.78616486486486	144.6460972972973	113.30165135135135	34.85967027027027	1.2064702702702703	95.7251918918919	19.89277567567568	346.98545945945943	80.26967837837837	0.0	0.0	0.0	20.918535135135134	78.57386486486486	0.0	0.0	66.39043243243243	11.643148648648651	24.337924324324327	0.0	0.0	2.0624351351351358	11.993075675675676	0.0	192.2834162162162	55.197694594594594	21.900527027027024	273.2330324324324	11.075616216216217	26.021986486486487	17.437154054054055	29.210432432432434
SAMC021091	0.0	0.0	0.0	0.0	0.0	0.0	0.0	0.0	0.0	0.0	0.0	0.0	0.0	0.0	0.0	0.0	0.0	0.0	0.0	0.0	0.0	0.0	0.0	0.0	0.0	0.0	0.0	0.0	0.0	0.0	0.0	0.0	0.0	0.0	0.0	0.0	0.0	0.0	0.0	0.0	0.0	0.0	0.0	0.0	0.0	0.0	0.0	0.0	0.0	0.0	0.0	0.0	0.0	0.0	0.0	0.0	0.0	0.0	0.0	0.0	0.0	0.0	0.0	0.0	0.0	0.0	0.0	0.0	0.0	0.0	2.6801076923076925	0.0	0.0	0.0	0.0	0.0	0.0	0.0	0.0	0.0	0.0	0.0	0.0	0.0	0.0	0.0	0.0	0.0	0.0	0.0	0.0	0.0	0.0	0.0	0.0	0.0	0.0	0.0	0.0	0.0	0.0	0.0	0.0	0.0	0.0	0.0	0.0	0.0	0.0	0.0	0.0	0.0	0.0	0.0	0.0	0.0	0.0	0.0	0.0	0.0	0.0	0.0	0.0	0.0	0.0	0.0	0.0	0.0	0.0	0.0	0.0	0.0	0.0	0.0	0.0	5.421392307692308	6.971623076923077	0.0	0.0	0.0	0.0	0.0	20.813546153846158	12.225484615384614	0.0	0.0	0.0	0.0	10.039915384615384	0.0	0.0	0.0	0.0	0.0	0.0	0.0	0.0	0.0	0.0	4.580507692307692	3.7176384615384617	0.0	5.3703692307692315	0.0	0.0	0.0	0.0
SAMC021092	0.0	0.0	0.0	0.0	0.0	0.0	0.0	0.0	0.0	0.0	0.0	0.0	0.0	0.0	0.0	0.0	0.0	0.0	0.0	0.0	0.0	0.0	0.0	0.0	0.0	0.0	0.0	0.0	0.0	0.0	0.0	0.0	0.0	0.0	0.0	0.0	0.0	0.0	0.0	0.0	0.0	0.0	0.0	0.0	0.0	0.0	0.0	0.0	0.0	0.0	0.0	0.0	0.0	0.0	0.0	0.0	0.0	0.0	0.0	0.0	0.0	0.0	0.0	0.0	0.0	0.0	0.0	0.0	0.0	0.0	8.44918125	0.0	0.0	0.0	0.0	0.0	0.0	0.0	0.0	0.0	0.0	0.0	0.0	0.0	0.0	0.0	0.0	0.0	0.0	0.0	0.0	0.0	0.0	0.0	0.0	0.0	0.0	0.0	0.0	0.0	0.0	0.0	0.0	0.0	0.0	0.0	0.0	0.0	0.0	0.0	0.0	0.0	0.0	0.0	0.0	0.0	0.0	0.0	0.0	0.0	0.0	0.0	0.0	0.0	0.0	0.0	0.0	0.0	0.0	0.0	0.0	0.0	0.0	0.0	0.0	7.923525	9.96850625	0.0	0.0	0.0	0.0	0.0	26.925175	12.65386875	0.0	0.0	0.0	0.0	10.44434375	0.0	0.0	0.0	0.0	0.0	0.0	0.0	0.0	0.0	0.0	9.578175	5.08575625	0.0	13.26140625	0.0	0.0	0.0	0.0
SAMC021093	0.0	0.0	0.0	0.0	0.0	0.0	0.0	0.0	0.0	0.0	0.0	0.0	0.0	0.0	0.0	0.0	0.0	0.0	0.0	0.0	0.0	0.0	0.0	0.0	0.0	0.0	0.0	0.0	0.0	0.0	0.0	0.0	0.0	0.0	0.0	0.0	0.0	0.0	0.0	0.0	0.0	0.0	0.0	0.0	0.0	0.0	0.0	0.0	0.0	0.0	0.0	0.0	0.0	0.0	0.0	0.0	0.0	0.0	0.0	0.0	0.0	0.0	0.0	0.0	0.0	0.0	0.0	0.0	0.0	0.0	44.28300227272727	0.0	0.0	0.0	0.0	0.0	0.0	0.0	0.0	0.0	0.0	0.0	0.0	0.0	0.0	0.0	0.0	0.0	0.0	0.0	0.0	0.0	0.0	0.0	0.0	0.0	0.0	0.0	0.0	0.0	0.0	0.0	0.0	0.0	0.0	0.0	0.0	0.0	0.0	0.0	0.0	0.0	0.0	0.0	0.0	0.0	0.0	0.0	0.0	0.0	0.0	0.0	0.0	0.0	0.0	0.0	0.0	0.0	0.0	0.0	0.0	0.0	0.0	0.0	0.0	64.05512954545455	67.30082954545455	0.0	0.0	0.0	0.0	0.0	76.4771090909091	23.60283409090909	0.0	0.0	0.0	0.0	16.840495454545454	0.0	0.0	0.0	0.0	0.0	0.0	0.0	0.0	0.0	0.0	22.66541590909091	48.76866363636363	0.0	18.025952272727274	0.0	0.0	0.0	0.0
SAMC021095	0.0	0.0	0.0	0.0	0.0	0.0	0.0	0.0	0.0	0.0	0.0	0.0	0.0	0.0	0.0	0.0	0.0	0.0	0.0	0.0	0.0	0.0	0.0	0.0	0.0	0.0	0.0	0.0	0.0	0.0	0.0	0.0	0.0	0.0	0.0	0.0	0.0	0.0	0.0	0.0	0.0	0.0	0.0	0.0	0.0	0.0	0.0	0.0	0.0	0.0	0.0	0.0	0.0	0.0	0.0	0.0	0.0	0.0	0.0	0.0	0.0	0.0	0.0	0.0	0.0	0.0	0.0	0.0	0.0	0.0	21.624288235294124	0.0	0.0	0.0	0.0	0.0	0.0	0.0	0.0	0.0	0.0	0.0	0.0	0.0	0.0	0.0	0.0	0.0	0.0	0.0	0.0	0.0	0.0	0.0	0.0	0.0	0.0	0.0	0.0	0.0	0.0	0.0	0.0	0.0	0.0	0.0	0.0	0.0	0.0	0.0	0.0	0.0	0.0	0.0	0.0	0.0	0.0	0.0	0.0	0.0	0.0	0.0	0.0	0.0	0.0	0.0	0.0	0.0	0.0	0.0	0.0	0.0	0.0	0.0	0.0	22.519470588235286	26.256311764705877	0.0	0.0	0.0	0.0	0.0	56.00882941176471	17.509823529411765	0.0	0.0	0.0	0.0	15.469158823529412	0.0	0.0	0.0	0.0	0.0	0.0	0.0	0.0	0.0	0.0	24.71042352941177	13.3541	0.0	32.86774117647059	0.0	0.0	0.0	0.0
SAMC021096	0.0	0.0	0.0	0.0	0.0	0.0	0.0	0.0	0.0	0.0	0.0	0.0	0.0	0.0	0.0	0.0	0.0	0.0	0.0	0.0	0.0	0.0	0.0	0.0	0.0	0.0	0.0	0.0	0.0	0.0	0.0	0.0	0.0	0.0	0.0	0.0	0.0	0.0	0.0	0.0	0.0	0.0	0.0	0.0	0.0	0.0	0.0	0.0	0.0	0.0	0.0	0.0	0.0	0.0	0.0	0.0	0.0	0.0	0.0	0.0	0.0	0.0	0.0	0.0	0.0	0.0	0.0	0.0	0.0	0.0	2.83085	0.0	0.0	0.0	0.0	0.0	0.0	0.0	0.0	0.0	0.0	0.0	0.0	0.0	0.0	0.0	0.0	0.0	0.0	0.0	0.0	0.0	0.0	0.0	0.0	0.0	0.0	0.0	0.0	0.0	0.0	0.0	0.0	0.0	0.0	0.0	0.0	0.0	0.0	0.0	0.0	0.0	0.0	0.0	0.0	0.0	0.0	0.0	0.0	0.0	0.0	0.0	0.0	0.0	0.0	0.0	0.0	0.0	0.0	0.0	0.0	0.0	0.0	0.0	0.0	5.7513000000000005	7.4173	0.0	0.0	0.0	0.0	0.0	22.13131666666667	12.211316666666667	0.0	0.0	0.0	0.0	10.097583333333333	0.0	0.0	0.0	0.0	0.0	0.0	0.0	0.0	0.0	0.0	4.365833333333334	3.5558	0.0	5.410683333333332	0.0	0.0	0.0	0.0
SAMC026834	0.0	0.0	0.0	0.0	0.0	0.0	0.0	0.0	1.309327777777778	0.0	0.0	0.0	0.0	0.0	0.0	0.0	0.0	0.0	0.0	0.0	0.0	1.6442944444444445	361.8571833333333	3.1037055555555555	3.6977	6.942727777777778	0.0	561.4377222222222	0.0	0.0	0.0	0.0	286.12525555555555	0.0	0.0	1.3970222222222222	0.0	511.8748277777778	0.0	0.0	0.0	0.0	0.0	0.0	0.0	0.0	4.337255555555555	0.0	0.0	306.45474444444443	107.77477777777777	0.0	0.0	0.0	812.6415277777777	341.38265555555563	241.83859444444442	0.0	137.77552222222224	0.0	0.0	0.0	533.9236333333333	180.26745	0.0	0.0	0.0	0.0	490.3596	43.73411666666666	251.93157222222226	0.0	487.4798	228.70446666666663	0.0	382.04420555555566	358.49945	1.0756277777777778	2.5537777777777784	20.826666666666668	748.4622722222223	44.467172222222224	0.0	0.0	0.0	0.0	0.0	0.0	0.0	0.0	0.0	0.0	0.0	0.0	0.0	0.0	0.0	0.0	0.0	279.4116388888889	641.8122833333333	0.0	0.0	0.0	399.7694222222222	379.29647222222223	3.23735	2.2278777777777776	246.77659444444444	0.0	2.913533333333333	0.0	0.0	353.1332500000001	0.0	0.0	114.55513888888888	65.67547222222223	33.029355555555554	4.745833333333334	0.0	0.0	0.0	7.874122222222222	0.0	33.89402222222222	1.6068833333333334	0.0	2.6173777777777776	0.0	0.0	3.076738888888889	0.0	132.5909722222222	190.71206666666663	16.698344444444444	20.967861111111112	205.0193611111111	155.44694444444445	0.0	211.13016666666667	77.07364444444444	50.52418333333333	45.982088888888896	0.0	10.103005555555557	1.26955	17.51065	48.96102777777778	1.4001055555555555	5.087711111111111	66.82302222222222	49.88032777777778	1.5185055555555556	8.934855555555558	4.384572222222221	4.1754944444444435	58.24411666666666	11.629888888888885	13.242061111111115	190.61567222222226	96.81351111111113	25.39985	47.74503888888889	63.61059444444446	79.68792222222223	1.9384055555555555
SAMC026836	0.0	0.0	0.0	0.0	0.0	0.0	0.0	0.0	0.0	0.0	0.0	0.0	0.0	0.0	0.0	0.0	0.0	0.0	0.0	0.0	0.0	0.0	0.0	0.0	0.0	0.0	0.0	0.0	0.0	0.0	0.0	0.0	0.0	0.0	0.0	0.0	0.0	0.0	0.0	0.0	0.0	0.0	0.0	0.0	0.0	0.0	0.0	0.0	0.0	0.0	0.0	0.0	0.0	0.0	0.0	0.0	0.0	0.0	0.0	0.0	0.0	0.0	0.0	0.0	0.0	0.0	0.0	0.0	0.0	0.0	7.899354347826088	0.0	0.0	0.0	0.0	0.0	0.0	0.0	0.0	0.0	0.0	0.0	0.0	0.0	0.0	0.0	0.0	0.0	0.0	0.0	0.0	0.0	0.0	0.0	0.0	0.0	0.0	0.0	0.0	0.0	0.0	0.0	0.0	0.0	0.0	0.0	0.0	0.0	0.0	0.0	0.0	0.0	0.0	0.0	0.0	0.0	0.0	0.0	8.442856521739131	0.0	0.0	0.0	0.0	0.0	0.0	0.0	0.0	0.0	0.0	0.0	0.0	0.0	0.0	0.0	0.0	17.428378260869565	22.07693043478261	0.0	0.0	0.0	0.0	0.0	64.56570217391304	34.05030652173913	0.0	0.0	0.0	0.0	28.594313043478266	0.0	0.0	0.0	0.0	0.0	0.0	0.0	0.0	0.0	0.0	13.551228260869564	10.685008695652174	0.0	16.034408695652175	0.0	0.0	0.0	0.0
ST1	0.0	0.0	0.0	0.0	0.0	0.0	0.0	0.0	0.0	0.0	0.0	0.0	0.0	0.0	0.0	0.0	0.0	0.0	0.0	0.0	0.0	0.0	0.0	0.0	0.0	0.0	0.0	0.0	0.0	0.0	0.0	0.0	0.0	0.0	0.0	0.0	0.0	0.0	0.0	0.0	0.0	0.0	0.0	0.0	0.0	0.0	0.0	0.0	0.0	0.0	0.0	0.0	0.0	0.0	0.0	0.0	0.0	0.0	0.0	0.0	0.0	0.0	0.0	0.0	0.0	0.0	0.0	0.0	0.0	0.0	0.0	0.0	0.0	0.0	0.0	0.0	0.0	0.0	0.0	0.0	0.0	0.0	0.0	0.0	0.0	0.0	0.0	0.0	0.0	0.0	0.0	0.0	0.0	0.0	0.0	0.0	0.0	0.0	0.0	0.0	0.0	0.0	0.0	0.0	0.0	0.0	0.0	0.0	0.0	0.0	0.0	0.0	0.0	0.0	0.0	0.0	0.0	0.0	0.0	0.0	0.0	0.0	0.0	0.0	0.0	0.0	0.0	0.0	0.0	0.0	0.0	0.0	0.0	0.0	0.0	0.0	0.0	0.0	0.0	0.0	0.0	0.0	0.0	0.0	0.0	0.0	0.0	0.0	0.0	0.0	0.0	0.0	0.0	0.0	0.0	0.0	0.0	0.0	0.0	0.0	0.0	0.0	0.0	0.0	0.0	0.0	0.0
ST2	0.0	0.0	0.0	0.0	0.0	0.0	0.0	0.0	0.0	0.0	0.0	0.0	0.0	0.0	0.0	0.0	0.0	0.0	0.0	0.0	0.0	0.0	0.0	0.0	0.0	0.0	0.0	0.0	0.0	0.0	0.0	0.0	0.0	0.0	0.0	0.0	0.0	0.0	0.0	0.0	0.0	0.0	0.0	0.0	0.0	0.0	0.0	0.0	0.0	0.0	0.0	0.0	0.0	0.0	0.0	0.0	0.0	0.0	0.0	0.0	0.0	0.0	0.0	0.0	0.0	0.0	0.0	0.0	0.0	0.0	0.0	0.0	0.0	0.0	0.0	0.0	0.0	0.0	0.0	0.0	0.0	0.0	0.0	0.0	0.0	0.0	0.0	0.0	0.0	0.0	0.0	0.0	0.0	0.0	0.0	0.0	0.0	0.0	0.0	0.0	0.0	0.0	0.0	0.0	0.0	0.0	0.0	0.0	0.0	0.0	0.0	0.0	0.0	0.0	0.0	0.0	0.0	0.0	0.0	0.0	0.0	0.0	0.0	0.0	0.0	0.0	0.0	0.0	0.0	0.0	0.0	0.0	0.0	0.0	0.0	0.0	0.0	0.0	0.0	0.0	0.0	0.0	0.0	0.0	0.0	0.0	0.0	0.0	0.0	0.0	0.0	0.0	0.0	0.0	0.0	0.0	0.0	0.0	0.0	0.0	0.0	0.0	0.0	0.0	0.0	0.0	0.0
ST3	0.0	0.0	0.0	0.0	0.0	0.0	0.0	0.0	0.0	0.0	0.0	0.0	0.0	0.0	0.0	0.0	0.0	0.0	0.0	0.0	0.0	0.0	0.0	0.0	0.0	0.0	0.0	0.0	0.0	0.0	0.0	0.0	0.0	0.0	0.0	0.0	0.0	0.0	0.0	0.0	0.0	0.0	0.0	0.0	0.0	0.0	0.0	0.0	0.0	0.0	0.0	0.0	0.0	0.0	0.0	0.0	0.0	0.0	0.0	0.0	0.0	0.0	0.0	0.0	0.0	0.0	0.0	0.0	0.0	0.0	0.0	0.0	0.0	0.0	0.0	0.0	0.0	0.0	0.0	0.0	0.0	0.0	0.0	0.0	0.0	0.0	0.0	0.0	0.0	0.0	0.0	0.0	0.0	0.0	0.0	0.0	0.0	0.0	0.0	0.0	0.0	0.0	0.0	0.0	0.0	0.0	0.0	0.0	0.0	0.0	0.0	0.0	0.0	0.0	0.0	0.0	0.0	0.0	0.0	0.0	0.0	0.0	0.0	0.0	0.0	0.0	0.0	0.0	0.0	0.0	0.0	0.0	0.0	0.0	0.0	0.0	0.0	0.0	0.0	0.0	0.0	0.0	0.0	0.0	0.0	0.0	0.0	0.0	0.0	0.0	0.0	0.0	0.0	0.0	0.0	0.0	0.0	0.0	0.0	0.0	0.0	0.0	0.0	0.0	0.0	0.0	0.0
